business_id,name,city,state,stars,review_count,main_category,delivery,outdoor_seating,reservations,wifi,latitude,longitude
MTSW4McQd7CbVtyjqoe9mw,St Honore Pastries,Philadelphia,PA,4.0,80,Bubble Tea,False,False,,u'free',39.9555052,-75.1555641
CF33F8-E6oudUQ46HnavjQ,Sonic Drive-In,Ashland City,TN,2.0,6,Burgers,True,True,False,u'no',36.269593,-87.058943
k0hlBqXX-Bt0vf1op7Jr1w,Tsevi's Pub And Grill,Affton,MO,3.0,19,Pubs,False,True,False,u'free',38.5651648,-90.3210868
bBDDEgkFA1Otx9Lfe7BZUQ,Sonic Drive-In,Nashville,TN,1.5,10,Ice Cream & Frozen Yogurt,True,True,False,u'no',36.2081024,-86.7681696
eEOYSgkmpB90uNA7lDOMRA,Vietnamese Food Truck,Tampa Bay,FL,4.0,10,Vietnamese,,None,False,,27.9552692,-82.4563199
il_Ro8jwPlHresjw9EGmBg,Denny's,Indianapolis,IN,2.5,28,American (Traditional),True,False,False,u'no',39.6371332838,-86.127217412
0bPLkL0QhhPO5kt1_EXmNQ,Zio's Italian Market,Largo,FL,4.5,100,Delis,True,False,False,u'no',27.9161159,-82.7604608
MUTTqe8uqyMdBl186RmNeA,Tuna Bar,Philadelphia,PA,4.0,245,Sushi Bars,True,True,True,'free',39.953949,-75.1432262
ROeacJQwBeh05Rqg7F6TCg,BAP,Philadelphia,PA,4.5,205,Korean,None,None,False,u'no',39.943223,-75.162568
WKMJwqnfZKsAae75RMP6jA,Roast Coffeehouse and Wine Bar,Edmonton,AB,4.0,40,Coffee & Tea,False,False,False,u'free',53.5460453,-113.4991693
kfNv-JZpuN6TVNSO6hHdkw,Hibachi Express,Indianapolis,IN,4.0,20,Steakhouses,True,,,,39.9043203184,-86.0530799
9OG5YkX1g2GReZM0AskizA,Romano's Macaroni Grill,Reno,NV,2.5,339,Italian,True,True,True,u'free',39.4761165,-119.7893392
4iRzR7OaS-QaSXuvYxEGKA,Super Dog,Nashville,TN,4.0,6,Hot Dogs,False,False,False,u'no',36.2485696,-86.7199857
tMkwHmWFUEXrC9ZduonpTg,The Green Pheasant,Nashville,TN,4.0,161,Japanese,None,False,True,u'free',36.1598858,-86.7731974
QdN72BWoyFypdGJhhI5r7g,Bar One,Philadelphia,PA,4.0,65,Cocktail Bars,True,False,False,u'free',39.9398245705,-75.1574465632
sqSqqLy0sN8n2IZrAbzidQ,Domino's Pizza,White House,TN,3.5,8,Pizza,,,,,36.4647467622,-86.6591868908
Mjboz24M9NlBeiOJKLEd_Q,DeSandro on Main,Philadelphia,PA,3.0,41,Pizza,True,True,False,'no',40.0224662,-75.218314
kV_Q1oqis8Qli8dUoGpTyQ,Ardmore Pizza,Ardmore,PA,3.5,109,Pizza,True,False,False,u'no',40.0067071,-75.289671
aPNXGTDkf-4bjhyMBQxqpQ,Craft Hall,Philadelphia,PA,3.5,65,Eatertainment,True,True,,,39.9625821,-75.1356571
2xVsWBNFwZOxIOdd9Mwnww,Cheeseburger In Paradise,Exton,PA,2.5,20,Burgers,False,True,,u'free',40.029962,-75.630607
ljxNT9p0y7YMPx0fcNBGig,Tony's Restaurant & 3rd Street Cafe,Alton,IL,3.0,94,Specialty Food,False,True,True,'free',38.896563,-90.1862032987
wghnIlMb_i5U46HMBGx9ig,China Dragon Restaurant,Tucson,AZ,3.0,23,Chinese,False,False,True,'no',32.1323047,-110.9999851
lk9IwjZXqUMqqOhM774DtQ,Caviar & Bananas,Nashville,TN,3.5,159,Coffee & Tea,True,True,False,'free',36.1483712,-86.7988947
ABxoFuzZy5mqQ8C5FJJajQ,Core de Roma,Bala Cynwyd,PA,5.0,12,Italian,None,,,,40.0283575,-75.2380841
cVBxfMC4lp3DnocjYA3FHQ,Paws The Cat Cafe,Edmonton,AB,5.0,20,Coffee & Tea,False,False,True,u'free',53.549633299999996,-113.5087799
uI9XODGY_2_ieTE6xJ0myw,Roman Forum,Tampa,FL,4.0,23,American (New),False,True,True,'no',28.0462028173,-82.5050526736
JgpnXv_0XhV3SfbfB50nxw,Joe's Pizza,Tampa,FL,4.0,35,Pizza,True,False,False,u'no',27.9605142,-82.506127
Si6LXSR9gvAbmgO5DzV2cw,Lafitte's Landing Seafood House,Harvey,LA,2.5,38,Soup,False,False,True,'no',29.8754822266,-90.04938
seKihQKpGGnCeLuELRQPSQ,Twin Peaks,Indianapolis,IN,3.5,257,Sports Bars,False,True,False,'free',39.9062952,-86.0474634
L_TT0BFmFwORAMaA83K54A,Village Tap Room,Indianapolis,IN,2.5,23,Gastropubs,False,False,False,u'no',39.8699114,-86.1435773
qfWJmJ0g96eM_fWma3ja0g,Doc Magrogan's Oyster House - West Chester,West Chester,PA,3.0,114,Seafood,False,True,True,u'no',39.9615417,-75.6036042
8rb-3VYXE37IZix4yOdskw,Sharky's Sports Bar & Grill,Williamstown,NJ,2.5,29,American (Traditional),False,False,False,'free',39.6968014,-74.9998214
aCDY7vXYMs54EbYuQScsnQ,39 North Taproom & Grill,Glenolden,PA,4.5,25,American (Traditional),True,None,False,u'free',39.9036968861,-75.2949812448
x9K0RfZaT_zlw6DklBDzjw,Gavi Italian Restaurant,Tucson,AZ,3.5,9,Italian,False,True,False,,32.221667,-110.925833
pJfh3Ct8iL58NZa8ta-a5w,Top Shelf Sports Lounge,Wesley Chapel,FL,4.5,95,Burgers,True,False,True,u'free',28.1962523878,-82.3806153496
ppFCk9aQkM338Rgwpl2F5A,Wawa,Philadelphia,PA,3.0,56,Automotive,True,False,False,u'free',39.954573,-75.1948936
NZ_bFJma7brQUfln5h1UAg,Super Sushi Kyo Hin,Burlington,NJ,3.5,6,Japanese,False,False,True,,40.0416285,-74.8258209
IDtLPgUrqorrpqSLdfMhZQ,Helena Avenue Bakery,Santa Barbara,CA,4.0,389,Salad,None,True,False,u'no',34.4144445,-119.6906718
YNjyv0gfOr2g8lbmUpTnKg,Copper Vine,New Orleans,LA,4.5,350,Pubs,True,True,True,u'free',29.9506467229,-90.0744274301
LhpPSrulqVeTyJeK2xydvQ,Fresh Fruits & Salads,Camden,NJ,4.5,6,Juice Bars & Smoothies,,,,,39.9466899,-75.123327
oaboaRBUgGjbo2kfUIKDLQ,Mike's Ice Cream,Nashville,TN,4.5,593,Ice Cream & Frozen Yogurt,None,None,False,'free',36.1626492,-86.7759733
RK6-cJ9hj53RzOlCBmpT-g,Impasto,Tampa,FL,5.0,5,Italian,False,,,,27.890814,-82.5023464
knQ4vIgx-r85kjlWVVjcpQ,Silver and Blue Outfitters,Reno,NV,4.5,5,Sporting Goods,,,False,u'no',39.476518,-119.7840369
1MeIwdbTnZOBFCKOrgaxuw,Ricardo's Italian Cafe,Saint Louis,MO,3.5,80,American (New),False,False,True,'no',38.6172724,-90.2127841
EuRGgOwJ0g1vTj2R04j37Q,Crafty Crab,Fairview Heights,IL,2.5,14,Seafood,True,,,,38.6012982,-89.9896835
TLZ3-eDPLhUzfsWO4ad6Ug,Mahony's Po-Boys & Seafood,New Orleans,LA,4.0,382,Seafood,False,False,False,u'free',29.9554151,-90.0700619
Dy91wdWkwtI_qgjAIZ0Niw,Taqueria Los Primos,Wilmington,DE,4.0,23,Mexican,True,False,False,u'no',39.7320886,-75.6256733
vje0KIiE7vtpx7JzmBx5LQ,The Pearl,Treasure Island,FL,4.0,129,French,True,True,True,'free',27.7694046,-82.767317
VrGxoSNZfSiT-G4OqRRGIw,Sunset 44 Bistro,Saint Louis,MO,4.0,73,Lounges,True,True,True,u'free',38.5832229,-90.4071872
VZzivJEbmHItOxNXJB3SpA,Subway,Brentwood,TN,2.5,14,Sandwiches,True,False,False,,36.0263631408,-86.7894728157
anLQj9AM8vjbcLSIE0iUgg,Papa Murphy's,Tucson,AZ,4.0,22,Pizza,True,False,False,,32.3385723,-111.0107602
Cdytv_YhJO0W0Ab8t2xLtg,Nipper's Pub,Woodbury,NJ,3.5,29,Chicken Wings,False,True,False,u'no',39.8444681,-75.1248703
3BJxm-HnvzdwD1zjmSbmyQ,Golden Chopstick Chinese Restaurant,Philadelphia,PA,3.0,137,Chinese,True,False,True,u'free',39.963077709,-75.1680274529
FRYkg_JvsWU9xIXZsEZcVA,Altamura,New Orleans,LA,3.5,27,Cocktail Bars,False,True,True,,29.9333877563,-90.079498291
9C2rpb56aQvW0ViZHK9sPw,Home Plate Sports Pub,Tucson,AZ,3.5,56,Sports Bars,False,True,False,u'no',32.206315,-110.887843
SZU9c8V2GuREDN5KgyHFJw,Santa Barbara Shellfish Company,Santa Barbara,CA,4.0,2404,Live/Raw Food,True,True,False,u'no',34.4087147,-119.6850187
Lx8ZYUJ_-3Aa8N821mN1WQ,ALM Kainan,Sparks,NV,4.0,13,Filipino,False,False,False,,39.5371788,-119.7355322
WYYdQDjx-DsCanlP0DpImQ,J Sushi,Philadelphia,PA,4.5,72,Seafood,True,False,True,u'free',39.9470334,-75.1574339
aNtKyc2rr-uK5cqzY9TVQQ,Chipotle Mexican Grill,Largo,FL,3.0,19,Mexican,True,True,False,'free',27.894167,-82.779866
X_E7U2lVNEwbH_gpOBmAHQ,Cerveza Jack's,Nashville,TN,4.0,182,Mexican,False,None,False,'free',36.162799,-86.776016
G4lRmwDHdvhZAhmtlsYYBw,Wendy's,Nashville,TN,1.5,37,Burgers,True,False,False,,36.112075744,-86.7674462724
BxhkoR6cscJwwex8gx31OA,Bar-B-Cutie,Madison,TN,3.5,40,Barbeque,True,False,False,u'no',36.296536,-86.700179
Ms5xG8i4p80KSMcF3tt4ug,Sal DeForte's Ristorante,Ewing,NJ,4.0,52,Italian,True,True,True,'no',40.2668877,-74.8056572
ORL4JE6tz3rJxVqkdKfegA,Gaylord Opryland Resort & Convention Center,Nashville,TN,3.0,1639,Venues & Event Spaces,True,True,True,u'paid',36.2115923083,-86.6943191727
P10BsKUeoeCeVoK4BS2u0w,Trust Me BBQ,Riverview,FL,4.0,29,Barbeque,False,True,False,u'no',27.8652573,-82.3260903
7Du9oW73YcYFmXdtU5aiSg,Kinjo's Japanese Restaurant,Saint Petersburg,FL,3.5,17,Japanese,False,False,True,,27.7972626,-82.7339127
QjV4v7q_pt7tt3K1US7IHg,PDQ Temple Terrace,Tampa,FL,3.0,5,Fast Food,True,,False,,28.0548882706,-82.3995484
LGqiubTmpJ-A1L5n7dmc6g,Domino's Pizza,Harvey,LA,1.5,14,Sandwiches,False,False,False,u'no',29.8753202,-90.045817
59jkCUm4yHciKL1KW_1HJA,Roma Pizza & Italian Eatery,Warrington,PA,2.5,25,Pizza,True,False,False,u'no',40.2295269733,-75.1310898382
yM8LlTInbQH4FwWC97lz6w,McDonald's,St. Louis,MO,1.5,100,Fast Food,True,True,False,'free',38.6124951839,-90.2219420671
CtMEJxpVMlNzFpB4PtFjfA,Aussie Grill,Lutz,FL,4.0,75,American (New),True,True,,,28.192191035,-82.396367
O1oZpbZNDMH_gz8DhsZCdA,Wendy's,Philadelphia,PA,1.5,15,Burgers,True,False,False,,40.012141,-75.1150148
vPcfJ3rm3NpdqVDod2WxLA,China Pearl,Langhorne,PA,1.5,27,Japanese,True,False,False,u'no',40.2177843,-74.9265858
pmuuoDqNZp7518AUd-YmPA,Bagelicious - King Of Prussia,King of Prussia,PA,3.5,60,Bakeries,False,,,,40.1124813,-75.3799748
IYlUaKC9nICjiWdk-ShPlg,Bub's Cafe,Carmel,IN,4.0,175,Breakfast & Brunch,False,True,False,u'free',39.976614,-86.130124
tSFXJ0GFl5iUdy021YgWLw,The Mad Griddle ,Indianapolis,IN,5.0,7,Arts & Entertainment,True,True,True,u'free',39.781126,-86.1241235
ZU6NodDOWaabGkeNpOWdXw,530 Pub & Grill,Clearwater,FL,4.5,6,American (Traditional),True,,,,27.9657471097,-82.7989008
Dtuf4vD0znzwJW9vk3iTNw,Tomo Japanese Steakhouse and Sushi Bar,Indianapolis,IN,4.0,246,Steakhouses,True,False,True,u'free',39.8887246,-86.1212129
8c0r7olQSYGcws0bTd3ikw,Zesty Tsunami,New Port Richey,FL,4.0,5,Hawaiian,,,False,,28.2502179787,-82.6824409515
Ucl9Vo5lwrUmYbV8Dv8X5g,O'Briens Irish Pub,Tampa,FL,4.0,108,Pubs,False,True,False,u'free',28.09236,-82.500588
6BF3eaIzHtoNHSxKTFnTyg,Mister B's Cigar Box,Avon,IN,3.5,13,Lounges,False,False,False,'free',39.7627741475,-86.3793863588
wjyUxHxkrvUvCOVqy4g_wg,Oscar's Cafe,Normandy,MO,4.0,11,American (Traditional),False,False,,,38.704765,-90.299811
4IcB3QyMEA85UTWFKh9O9A,Eat Mah Taco @ Pal's Lounge,New Orleans,LA,4.5,8,American (New),False,False,,u'free',29.976762,-90.086423
Y6heWJJ9AmEL58fZwgi9YQ,Rosati's Pizza,Tucson,AZ,4.0,58,Sports Bars,True,True,False,u'free',32.3387235226,-111.0303098651
bTve2mwLk5Zc01vRKqc2KQ,Red Hook Coffee & Tea,Philadelphia,PA,4.5,183,Breakfast & Brunch,False,True,False,'free',39.9385518,-75.1496356
xbRbvXSAVZBEwaUUn3mzbg,Lee Roy Selmon's,Tampa,FL,3.5,42,Salad,True,True,True,'free',28.0787347875,-82.5063104158
uDQgmudYDKiB6n4vwbEeDg,Chrysalis,Franklin,TN,4.5,112,Italian,True,False,True,u'free',35.9565328581,-86.8027199385
v5kwdvmg-J8g-ll0nkc3Sw,The Libertine Liquor Bar,Indianapolis,IN,4.0,208,Lounges,False,True,True,u'free',39.7672488945,-86.1567753553
bqmX882_6AxVA_uHEQ70sQ,Shanghai Station,Philadelphia,PA,4.0,46,Shanghainese,False,False,True,u'free',39.9516153765,-75.2033457223
Edg22x3CZkIv0GUib2oEFA,Mellow Mushroom,New Orleans,LA,3.5,149,Pizza,True,True,True,'free',29.9486236188,-90.1312502816
VVvUBlc_WIEb8obKGq39dA,Four Green Fields,Tampa,FL,4.5,39,Irish Pub,False,False,False,'no',27.9803985924,-82.5377866183
py5aKmlTB2NarfsfcOpHOQ,Cafe Con Leche,Tampa,FL,2.5,55,Breakfast & Brunch,True,False,False,'free',27.9767745,-82.5374233
wZhGuW7vQpfhxeEvLHkTrA,Express Cafe,Meridian,ID,4.5,119,Breakfast & Brunch,False,False,False,u'no',43.6196488,-116.3871392
YR0nwxBOKk6DiLHNItfsBQ,Boston Pizza,St Albert,AB,3.5,14,Italian,True,True,True,u'free',53.625071,-113.6166452
n8ecak12IF_jhnPNs37AZA,Baltic Bakery,Philadelphia,PA,4.5,12,Bakeries,False,,,,39.9768798,-75.1161695
jcL_qaGJiappzpnn-ifSoA,Fat Jakks,Edmonton,AB,4.0,8,Chinese,True,False,True,u'no',53.5515508,-113.4951554
_T0cPZE2ZJOTTlYYKMP64Q,Brown Sugar Bakery & Cafe,Philadelphia,PA,4.5,66,Cupcakes,True,False,False,u'free',39.9563959,-75.2253784
dJfkfBbJz7wi0RgW-ph_Eg,Sake House,Tampa,FL,3.0,140,Sushi Bars,True,False,True,u'no',28.055212,-82.399374
VbItL6RDULtnw4YvB6EhVg,Jon's Bar & Grille,Philadelphia,PA,3.0,178,Tex-Mex,False,False,False,u'no',39.9412993,-75.1477446
W57cR9a7XP6RX56MSWHJJA,Las Margaritas,New Orleans,LA,3.5,58,Mexican,False,True,True,'no',29.95029,-90.074887
x7_p5O3ChQa7shdHCcLHZQ,Olivier's Creole Restaurant,New Orleans,LA,3.5,172,Event Planning & Services,False,False,True,u'no',29.9510658,-90.0715323
JF7iyI3wA_AKi_iXOKi0Qw,Parlor Suburban Square,Ardmore,PA,3.5,61,Italian,True,True,True,u'free',40.008645,-75.288802
xa6JYHDgVza7CuenKBJBHw,Taqueria El Sitio,Hermitage,TN,4.5,8,Latin American,True,,False,,36.191654,-86.6254189
1dSKEitDDgIkaApe6UNMSA,The Pepper Pott,Nashville,TN,5.0,18,Caribbean,True,False,False,u'no',36.1530043,-86.8433279
rZw9O5lJ36m_mXeRKE4G9A,La Sponda,Downingtown,PA,4.5,29,Italian,,True,True,u'free',40.0062075104,-75.7044510304
dCITjr2RMTmrX33_eFaMKA,BurgerWorks,Sherwood Park,AB,3.5,17,Burgers,False,False,False,u'no',53.5426345,-113.3111322
Pr_Mlt9FqdcW7WCFGJmozA,The Cider Factory,Virginia City,NV,4.5,104,Italian,True,True,True,'no',39.305224,-119.652596
-7GDqSUaXrpC8Ql7nDBxWA,B2 Bluefin,Bala Cynwyd,PA,4.0,92,Cocktail Bars,False,False,True,u'free',40.0079839104,-75.2126064939
e8pMCk4bE0U4qk7z59Lxkg,Federal Donuts,Philadelphia,PA,4.5,11,Sandwiches,,,,,39.963042,-75.1741858944
tuyCmcmm5Q-bc-9zV76xKA,Pho Friendly,Trenton,NJ,4.5,93,Thai,True,None,False,'no',40.23547,-74.7532115132
V-96iACFgPmVjjKACGxd7Q,Fusion Pizza & Grill,Philadelphia,PA,2.5,6,Ethnic Food,True,,False,,40.0839955,-75.0354963
p184f-Zvf4ToPwLba0VS4A,Misto Diner,Bensalem,PA,3.5,26,Chinese,True,False,True,,40.1447023,-74.934106
zVlhs7BVaouutt-rles-YA,Williams Sub Shop,Saint Petersburg,FL,4.5,99,Sandwiches,False,False,False,u'no',27.806517,-82.749065
1E9o1SNo7UTf1XHTFPv1_Q,Franklin Juice Co,Franklin,TN,4.5,66,Acai Bowls,True,True,False,u'free',35.9326054453,-86.860662065
0CEUpFtaKhxbmrbSdP9MUQ,Acadia,Philadelphia,PA,4.0,79,Cajun/Creole,None,True,True,u'free',39.9389483,-75.1564078
f82dhKNiUXsDVPMLqKYiIQ,Sher-e-Punjab,Tucson,AZ,4.0,446,Salad,True,False,True,u'free',32.2509598946,-110.9591583204
FF45pKN_lzqG8Bqk-_HQvw,Go! Gyro! Go!,Saint Louis,MO,4.5,49,Street Vendors,False,False,False,u'no',38.5844866,-90.266699
TEP-73fGvgSUmtQFaOTA_g,The Steak Out,Marana,AZ,2.5,30,Steakhouses,False,True,True,,32.424551,-111.042885
bDAlJYMIzwOewIThe2IZjQ,Domino's Pizza,Indianapolis,IN,4.0,12,Chicken Wings,True,,False,'no',39.699929,-86.2416313
b7YJrFZWZdI2C5-9nZvVdw,Saltwater Grill,New Orleans,LA,2.5,34,Specialty Food,False,True,True,u'no',29.944454,-90.133537
SRexiuEsx1d9-dZVUsssQA,Brandon Burgers,Brandon,FL,3.5,24,Salad,True,,,,27.9373704213,-82.3077001423
xJyp6RLqNRv3tSu6njPKxQ,World of Beer,Exton,PA,3.0,208,Pubs,True,True,False,u'free',40.0236651,-75.6291878
1P_mGUY1PyPq7_ZabrzpBw,Carmine's Steakhouse,Saint Louis,MO,4.0,261,Italian,None,True,True,u'free',38.6243584,-90.1886849
XwoXi0M66RU6Gouq-DSDHw,G Peppers Grill & Tavern,Odessa,FL,4.0,82,Mexican,False,False,False,u'free',28.0921362,-82.5785736
OfW-VK04qr7b7bPm5QbyLg,Taqueria Feliz,Horsham,PA,3.0,77,Mexican,False,False,True,u'free',40.1807271,-75.1346993
0DbIUh_Xuj6H5B_SF0RLCQ,Iguana's Mexican Restaurant,Brownsburg,IN,4.0,74,Mexican,True,True,False,,39.8518617214,-86.3847577572
bSJczuohHVko33UT82hnfA,Blaze Pizza,New Orleans,LA,4.0,302,Pizza,True,True,False,u'free',29.948395,-90.075281
PCM-vL-vRLJ4HB2OE8Nnbg,Baxter's Saloon & Grill,Malvern,PA,2.5,31,Pubs,False,True,True,u'free',40.0536347,-75.526719
rmHgqdVkLsGN2byesWRo0w,Brewster's Pub,Maple Shade,NJ,3.5,12,American (Traditional),False,False,False,'free',39.9394973,-74.9743023
JfGfqCnk0-Tnf6PlahPUJQ,Burger Village,Edmonton,AB,4.0,10,Burgers,True,False,True,u'free',53.436403,-113.604288
aNXw3PkXVt8ANwLyCfcmpg,McDonald's,Lansdale,PA,1.5,17,Fast Food,True,,,u'free',40.2637063378,-75.3179157563
GVqXNt0HKJLpciN9ePxnWw,Crown Fried Chicken,Philadelphia,PA,2.5,16,Fast Food,True,False,False,u'no',39.9368911,-75.1672837
KUx_q3nzqUINYgUTrZc9OA,Pita Pit,Tucson,AZ,3.0,9,Sandwiches,True,True,False,,32.2319918,-110.9584924
VeqkfRUzZAKlQer3npXPdQ,New India's Kitchen,Ballwin,MO,4.0,130,Indian,False,True,True,u'no',38.5920571,-90.5035651
JwBTq6IOFH97b9Hr6RT7pw,Reinette Café & Patisserie,Edmonton,AB,3.0,5,Coffee & Tea,,,,u'free',53.5225968429,-113.61922974
dChRGpit9fM_kZK5pafNyA,The Love,Philadelphia,PA,4.0,618,American (New),True,True,True,'no',39.9506555,-75.1708991
uyc-S7lauYjzouYQ2TM76A,Papa John's Pizza,Saint Louis,MO,2.0,9,Pizza,True,,False,'no',38.7461593,-90.2798145
2_gRg3_oWK3GoiB-OpcDHA,CedarBrook Deli,Cedarbrook,NJ,3.5,5,Convenience Stores,,True,False,,39.721471,-74.9016858
YE2TePip0TxcdquF5hGauQ,JoJo's Hot Dogs and BBQ,Goodlettsville,TN,4.5,14,Barbeque,,,,,36.3260267,-86.7040631
KdkMXzeoqpfNsZd-_axoTQ,emPIEnada,Reno,NV,4.5,41,Event Planning & Services,True,True,,,39.5428346,-119.8569115
iBRXLFWD7PeSYDbKsd_JTw,Mai Thai Restaurant,Brandon,FL,4.5,27,Ethnic Food,False,False,True,'paid',27.8915738378,-82.2725105
od6skmfXz9twktEAuJHEmw,Ryan Christopher,Narberth,PA,4.0,120,American (New),None,True,True,'no',40.0099504,-75.2591858
sUQ-OfJYSNfz-cimEjoaXQ,Soho Oasis Cafe,Tampa,FL,3.5,7,Middle Eastern,False,True,True,u'no',27.9402059,-82.4828837
j9Kaj_6tSeXmVMYCgZithg,Noble Crust,Wesley Chapel,FL,4.5,496,Italian,True,True,True,'free',28.188219,-82.347274
EIlFs8kybcG-l60GJjNUIA,Domino's Pizza,Oldsmar,FL,2.5,20,Pizza,True,False,False,,28.0420037,-82.6746125
z9wCTHYI2VZy9YIblwSsgg,The Silo Eatery Coffee Bakery,Tampa,FL,4.0,5,Coffee & Tea,False,True,False,u'free',27.9464963776,-82.3555628732
4xhGQGdGqU60BIznBjqnuA,California Tacos and Taproom,Isla Vista,CA,4.0,49,Mexican,True,True,False,u'free',34.4115552,-119.8550772
juVJO2kMrHwCYXwQQmv1Tg,Sidekicks Pizza,Indianapolis,IN,4.0,45,Sandwiches,True,True,True,u'free',39.7520076,-86.1395724
Rz0KfP7YAZV_yQE8uIB0fg,El Sabor Boricua,Tampa,FL,5.0,6,Puerto Rican,True,True,False,u'no',28.0535153,-82.4534422
QWqKTWQ2OiDgo3dzNkpung,Jong Ka Jib,Philadelphia,PA,4.5,351,Korean,None,False,True,u'no',40.0520643,-75.1273939
Wt1W6qwCvna1KzIuJRJbwA,Tokyo Mandarin,Glassboro,NJ,4.0,88,Japanese,False,False,True,u'no',39.7119376,-75.1109667
fNssGWMjae-SUzyyGblspQ,Apron,Haddonfield,NJ,4.5,24,Caterers,True,True,False,u'no',39.8971069811,-75.0342256956
kwQzVF5GP8DzdyBavvhIaQ,Fisherman's Cove Seafood,Kenner,LA,4.0,91,Seafood Markets,False,False,False,u'no',30.0144336,-90.2402643
wFXwmrlV8TiBS4Ac2-W_9g,MOSI Food Truck Rally,Tampa,FL,3.5,10,Festivals,,,,,28.0536294,-82.4044188
ifjluUv4VASwmFqEp8cWlQ,Marty's Pizza,Santa Barbara,CA,4.0,64,Pizza,True,False,False,,34.4362361,-119.7261474
bPPy7yNFfb-6N_bHkn1qAw,Taste of the Caribbean,Indianapolis,IN,3.0,17,Caribbean,True,False,False,u'no',39.7733919,-86.0860599
bTC3m_GPWBp92Y5TTReyTA,Taco Truck Stl,Saint Louis,MO,2.5,10,Mexican,False,,,,38.5939549,-90.2291931
wQjhFPMKwN_z85aPEn6V4Q,Thai Tanic,Montgomeryville,PA,3.0,8,Thai,True,False,False,,40.2501841838,-75.2433013916
516L9-ZWyqVgzqjP5uW7Jg,The Corner Cafe and Deli,Tampa,FL,4.0,6,Sandwiches,True,False,False,u'free',27.9444574,-82.4578244
7mpYTDb24SywNMRn3yeakQ,The Twisted Tail,Philadelphia,PA,4.0,604,Event Planning & Services,False,True,True,u'free',39.9418766,-75.1451988
NpglDX_FUp3ybEzbBp4qhw,Summer Palace Chinese Restaurant,Chesterfield,MO,2.5,9,Chinese,True,False,False,'no',38.6811546,-90.496384
iEC0VzHM2hQ13wM7c0QwgQ,Metro Diner,Langhorne,PA,3.5,56,American (Traditional),True,,,,40.180187,-74.87527
OlD8UoHqrKnLoZUFxuas_w,The Hip Hop Sandwich Shop,Spring Hill,FL,2.5,5,Sandwiches,True,,,,28.4934721999,-82.546930168
D7z_V6E8cxXghSRcHAmUPg,La Bella China Restaurant,Tucson,AZ,4.0,92,Chinese,True,False,False,u'free',32.149473,-110.9781864
gb7JjRJtzWDsIWpJihZhBQ,McDonald's,Pennsville,NJ,2.0,20,Burgers,True,False,False,'free',39.6773020944,-75.4953995347
JPm93BlP-UHYPqFgK66JUw,Local Links,Haddon Heights,NJ,4.5,70,Coffee & Tea,False,True,False,u'free',39.8826936,-75.0583844
VeFfrEZ4iWaecrQg6Eq4cg,Cal Taco,Goleta,CA,4.0,189,Burgers,True,True,True,u'no',34.4305419,-119.882367
5iuo1kvv0XZMS0bUOoLz2Q,Bistro St. Tropez,Philadelphia,PA,3.5,163,French,True,False,True,u'no',39.9535919923,-75.1794226902
Dl1alpHSJE4_iB0MGKRLXw,Johnny Rockets,Hazelwood,MO,2.0,6,Fast Food,,False,,,38.7860901654,-90.4157752544
hsyIDX4x4ndYEvPoJF6_1g,Merendero La Catrachitas,St. Louis,MO,4.5,22,Latin American,True,,,,38.5787245,-90.2822168
dk9zGFRJD2RXkHqAmFHOOA,Garage Pizza,New Orleans,LA,4.0,6,American (New),True,True,False,u'free',29.9668143,-90.0895672
rR30b1XWbxZFFgLyGbfNAw,BODHI : Craft Bar + Thai Bistro,Indianapolis,IN,4.5,132,Gastropubs,False,False,False,u'free',39.7802203,-86.1418027
4QFqi8w3rlZTcc5LXKyPJw,Chris' Pizza Village Pleasant View,View,TN,4.0,31,Chicken Wings,False,True,False,u'no',36.387932573,-87.0147362534
RsTF2skxLcp6qo9FdnA5PA,Pizza Hut,Langhorne,PA,1.5,18,Italian,True,False,False,'no',40.21786,-74.9266344309
uYBx50Yl_Jc-UYwFzudBsQ,Chew Doin Fried Chicken & Ramen,Edwardsville,IL,3.0,10,Chicken Shop,True,False,False,u'no',38.8105909,-89.9524841
bchZXVE4feVx4Q5rhIRCGg,NY Bagel Cafe & Deli,Philadelphia,PA,3.0,52,Bagels,True,False,True,'free',40.0027825,-75.2222705
GpFRwCHN0RI8yFbcfXjfUg,V Sandwiches,Edmonton,AB,3.5,9,Vietnamese,True,None,False,'no',53.5417173,-113.4919398
QZLOM3T6xl7y1Q6zqoqHWg,Freddy's Frozen Custard & Steakburgers,Brookhaven,PA,3.5,26,American (Traditional),True,,,,39.879183,-75.396768
9qxMhGWjGsuPUoQB3Y74Wg,McDonald's,St. Louis,MO,1.5,62,Coffee & Tea,True,False,False,'free',38.6369079537,-90.1954829934
pJB63RaQpkTIKBhfTsLQQg,Biryani Hut,Noblesville,IN,4.0,83,Indian,True,None,,,39.9970877,-86.0023117
ngvE1G9IckUO-ljZBFo23w,Mumbai Bistro,Philadelphia,PA,4.0,217,Indian,True,False,False,u'no',39.947207,-75.1572515
46_2e1hnQ4csLrYnhn6bkw,Whetstone Tavern,Philadelphia,PA,4.0,166,Cocktail Bars,False,True,True,'no',39.9408715785,-75.1510468125
TGfPJHImEq6AQL9a1laxlg,Chick-fil-A,Philadelphia,PA,4.0,80,Event Planning & Services,True,False,False,u'free',40.08178,-75.0267907
CPgWuWGZ4v2sZr5_-1kluw,Checkers,Philadelphia,PA,2.0,21,Fast Food,True,True,False,u'no',39.9719414,-75.159771
VCkSUsdL5P0p16DAPxVROA,NY Bagel & Deli Shop,Philadelphia,PA,4.0,31,Bagels,True,,,u'free',39.960811,-75.1573883
dIpTuL2T1L98GQGU17IeSw,The Bricks,Tampa,FL,4.0,548,Breakfast & Brunch,True,True,False,u'free',27.9600238,-82.4444005
XRkzSBTroG7kIdI7Z8ic6g,Piccadilly,Metairie,LA,3.0,51,Seafood,True,False,False,'no',29.994939,-90.18365
SoJwDKedR7SJh7-G69C38A,Hong Kong Sunny,New Hope,PA,3.0,18,Chinese,False,False,,u'no',40.3639078093,-74.9660219123
FW1PXpUq-yOs-5O_gqz3AQ,Big Mike's BBQ,Tampa,FL,4.5,32,Barbeque,False,True,False,None,28.0114997,-82.5828401
1tLrjXG-I9hkOoZxlbwDqw,Olde Black Horse,Norristown,PA,4.0,9,American (Traditional),,,,'free',40.1083808,-75.318943
SlLfWzeYOrVBxCd-0QILZQ,The Boiling House,Cherry Hill,NJ,4.0,238,Cajun/Creole,True,None,True,u'free',39.8996609,-74.9532997
adATTqggIQX5xxLDISkFTw,Just Churros,Tucson,AZ,5.0,25,Food Trucks,True,,,u'no',32.2712313189,-110.9920754497
pNu5bd9aL3jcJClfdQ86MQ,Momo's Ouzaria Taverna,St Louis,MO,3.5,243,Mediterranean,False,True,True,u'free',38.6603769097,-90.3371429443
bdfZdB2MTXlT6-RBjSIpQg,Pho Bistro,Isla Vista,CA,3.0,184,Chinese,True,True,False,u'no',34.4129345,-119.8555307
1EokZOnCDkjv2VtPtplyHw,Reno Downtown Joint,St Petersburg,FL,4.0,10,American (Traditional),True,True,,,27.7717231748,-82.6383055959
ZpmSEd9N042IJanBiKlKiQ,Smoke & Thyme,Boise,ID,4.0,19,American (New),True,,,,43.6111922,-116.2062753
42OM20QndpmsOSY6ccudBA,Union Teller Delicatessen,Nashville,TN,3.5,6,Bagels,True,False,,u'free',36.1648001,-86.7799287
SwWfW3vBn5QkDE7T3urGAg,Persis Biryani Indian Grill,Mount Juliet,TN,4.5,246,Indian,True,True,True,u'free',36.162142,-86.516006
W4rgF_1eKzFZiGUOsgbGMA,Amber Indian Restaurant,Carmel,IN,4.0,243,Pakistani,True,False,True,'no',39.9710819,-86.1601728
yN6jZyG1G1FG_HCZQlJZ1g,City Barbeque,Fishers,IN,4.0,188,Caterers,True,True,False,u'free',39.979376,-86.001692
WmnPtMtY0elYVStooCTfng,Barista Cafe,Palmyra,NJ,4.5,12,Breakfast & Brunch,False,False,False,u'free',40.0043533,-75.0222651
PW5eZM5RAQEhy3wgovChhQ,Cafe Victoria's,Philadelphia,PA,3.0,29,Cafes,True,True,False,u'free',39.958422,-75.158257
jGewGnIYcf9LFBcR8lMC5g,Picasso Restaurant & Bar,Media,PA,3.0,34,Italian,False,True,True,,39.9179115,-75.390854
-lVTNjVoTMOkD-eT--u0oA,El Rancho Nuevo,Saint Charles,MO,3.5,66,Mexican,None,False,True,'paid',38.7687445,-90.5219795
TCxvQgfBD6_JjOM3N1VPRA,High Ridge Family Diner,High Ridge,MO,4.5,8,Diners,False,,,,38.4863979071,-90.5041513042
lPPYZr1_jx0XeW-xR9WJtw,DOSC,Edmonton,AB,4.0,87,Cocktail Bars,True,False,True,u'free',53.5428720873,-113.4995122836
0sr1EyOc6Td1C-962QW88w,La Cucina Italian Eatery,Conshohocken,PA,4.0,44,Italian,True,True,False,u'free',40.088398,-75.2926963
SFKjUQ1gmfwm7cJhMCFmkA,ZigZag Scallop,Hernando Beach,FL,4.0,214,Seafood,True,True,True,u'free',28.497700000000002,-82.650015
frsWe9bmMOMIBOBNzsCTew,African Palace Bar And Grill,Florissant,MO,4.0,26,African,False,False,False,u'free',38.7790065,-90.2800209
-H6s1c2NRic5UKxXqi4FdQ,Bagelicious and More,Brandon,FL,3.5,7,Breakfast & Brunch,,,,,27.9588017985,-82.2789713027
xwSWtJcQkzTF6HNm_IMgcg,Rusty's Pizza Parlor,Goleta,CA,2.5,94,Chicken Wings,True,False,True,u'no',34.4290427,-119.8693616
yFqq66GxRjnhZXPgjA6hnw,KFC,Philadelphia,PA,2.0,7,Chicken Shop,True,False,False,'free',40.031578,-75.104787
IbndcMURguByburM72o3SA,State Street Kitchen,Newtown,PA,4.5,124,Korean,False,False,False,u'no',40.2285432,-74.9370146
diwwt5QBU3-Thig9SVlsOA,Brew Brothers,Reno,NV,3.5,592,American (Traditional),True,False,False,'free',39.5295616355,-119.8145651258
3uvFklejzRPwEPEZQ5vHYQ,Wawa,Media,PA,3.5,14,Delis,True,False,False,u'free',39.916175541,-75.3876546369
0l_njS4wGMadAk1b4nZRUA,Panera Bread,King of Prussia,PA,2.5,58,Bakeries,True,False,False,u'free',40.089985,-75.382315
lB6jIOb1UBATmdfot4KJew,Soco's Gyros,Saint Louis,MO,4.0,126,Delis,True,False,False,u'no',38.5245347,-90.355678
cm0bhBDPM3bjBefmEXa3BQ,Nudy's Cafe - Chadds Ford,Chadds Ford,PA,3.5,63,Breakfast & Brunch,True,True,False,u'no',39.8808598,-75.5482765
MObScX791gFEwtkoFA9GQg,Creekside Inn,Woodstown,NJ,3.5,20,American (New),False,True,True,u'free',39.65126,-75.31747
3c9TiufCFT2yXXj3R08Vwg,Snellgroves Restaurant,Plant City,FL,3.5,64,Southern,True,False,False,u'free',28.0148425,-82.1231756
TJe1ZGe-X0-GjOQd00kKxA,Brixx Craft House,Boise,ID,4.0,115,American (Traditional),True,True,True,,43.671633,-116.283591
nHUJCK-Ek_lAVTSyEz9GEQ,Adventure Coast Fun Park,Spring Hill,FL,4.5,10,American (New),,,,u'no',28.4352625,-82.5669664
HCbJPXWXvwN-C7XfmVy3gA,Granite City Food & Brewery,Indianapolis,IN,3.5,258,Desserts,None,True,True,u'free',39.7664200969,-86.1592453161
jZoeTGRfhG9n_Jo6VMqwxw,Sushi Wasabi,Edmonton,AB,4.0,57,Sushi Bars,False,False,True,'free',53.4945772799,-113.517946463
A1lAqN3SOaBLoo6NqVcy4Q,McDonald's,Brandon,FL,2.0,6,Sandwiches,True,,False,,27.925332,-82.325395
O0YHVrUtxbsEhQ4qaWkVaw,Boston Pizza,Edmonton,AB,2.5,6,Italian,True,True,True,u'free',53.5695004,-113.494179
kGjpBqAqG4mIuFSgU2KKEA,The Royal Indian Cuisine,Philadelphia,PA,4.0,28,Indian,True,False,True,u'no',39.948365,-75.1744997
L9CKPOoI51LNnRW8B1M8CQ,Dot's Dairy Bar,Levittown,PA,4.0,9,Ice Cream & Frozen Yogurt,False,True,,'no',40.136096,-74.873249
kLSEk3qXY1KdtFjxHJ9pww,McDonald's,Philadelphia,PA,1.5,20,Fast Food,True,False,False,,40.0884161,-74.9650112
uKEabBQrn0gLzvTppOrKIA,Casita Taqueria,Saint Petersburg,FL,4.5,207,Mexican,None,True,False,'no',27.7969762597,-82.6381678127
epGYbd0_OeSxsSkw-Kx5Rg,Hippie Hi,Clearwater,FL,4.0,16,Vegan,False,True,True,u'free',27.9684516983,-82.7621585038
8JEOmVGQffkr6xtn4vvplQ,Pita Kebob,Ruskin,FL,4.0,142,Kebab,None,True,False,u'free',27.713401,-82.394372
rF0xI_3jjlsEKp3N0Z0BuQ,Trattoria Totaro,Conshohocken,PA,4.0,135,Italian,True,True,True,u'no',40.0750524,-75.2945235
qma1sGQv7ArUtzuUTQElRg,Katie's Pizza & Pasta Osteria,Town and Country,MO,4.0,313,Pasta Shops,False,True,True,'no',38.62468,-90.5150663
zjQDk4tZyhEroyqtkgvx0g,The Cobblestone Eatery and Drinkery,Lebanon,IL,3.5,52,American (Traditional),False,True,False,u'free',38.6041071,-89.8085329
adb1hOYICrJ1Ix8M0sRpbw,Kuzina By Sofia,Cherry Hill,NJ,3.0,125,Bakeries,True,True,True,'no',39.9124556,-75.0022657
kfGz2E7Y5FLXJyiKbQYfZg,The Irish Times,Philadelphia,PA,3.5,44,Beer,True,True,True,u'free',39.9403745,-75.1456109
H3JjbID9Zhukpqr9uupHAA,Jackson's Bar & Bistro - Nashville,Nashville,TN,3.0,402,Burgers,False,True,False,'no',36.1366299,-86.8004366
O5zuQH_YowDC-rsK8ZEXCA,Tin Drum Asia Cafe,Tampa,FL,3.0,62,Asian Fusion,False,False,False,'no',28.0451503082,-82.6812278379
jsQQu9rVerR3OGxIa0hRQQ,Kelly's Taproom,Bryn Mawr,PA,3.0,63,Beer Bar,False,False,False,u'free',40.024588,-75.3242387
Hp3Ony7yW60VPuWHQFIIHA,Frady's One Stop Food Store,New Orleans,LA,4.5,73,Delis,False,True,False,'no',29.963974,-90.0426042
UX3eq0WsVva-cqlVrzyzFg,Cantina Los Tres Hombres,Sparks,NV,3.0,284,Mexican,True,True,True,u'no',39.5351105,-119.7548567
Yas-A9Jf07TJCIcgZny04w,China City Restaurant,Saint Petersburg,FL,2.5,14,Chinese,True,False,True,,27.7846206,-82.6383517
aSJdDcspNCf-2oNF2E6SJQ,White Castle,Jennings,MO,2.0,6,American (Traditional),True,,,,38.7061191433,-90.2701565031
hDiCHlTXKGUj1Yh4tq223w,Pasquales,Indianapolis,IN,3.0,26,Pizza,False,False,False,'free',39.7132613,-86.2360801
GInRkBWvuyJCjFVHYdzkPQ,Licata's Italian Deli,Pottstown,PA,4.5,8,Italian,,,,,40.2427158,-75.6180811
JQ75_672GKJQ3tK1togIWw,Golden Capital Restaurant,Sherwood Park,AB,3.5,8,Chinese,True,,,,53.5126039502,-113.3179124712
sophKEDc2rBDe-cuOaJDkA,365 Caffe Italiano,Wesley Chapel,FL,4.5,127,Breakfast & Brunch,True,True,True,'free',28.187946572,-82.3500558385
18eWJFJbXyR9j_5xfcRLYA,Siam Elephant,Carpinteria,CA,4.5,460,Thai,True,True,True,u'no',34.3965102,-119.5216815
PdMXmOWDRHICAx6SLgu1dQ,24,Philadelphia,PA,3.5,111,Italian,True,True,True,u'free',39.9515211,-75.1798731
KsDY9IYqvumohkp74w5i6A,Jersey Mike's Subs,Voorhees,NJ,4.0,21,Fast Food,True,,False,'free',39.848349,-74.97713
VK5NEKDHnZG8YcAw2JpaWw,Spring Hollow Golf Club,Spring City,PA,3.0,29,Golf,False,True,True,u'free',40.185507,-75.574882
dD2p903p8lU0IgXT3OFluA,Edgehill Cafe,Nashville,TN,3.5,245,Breakfast & Brunch,False,True,False,'free',36.1429685,-86.7923549
dBCNUSbz5-8nQNrxWo5deg,Blue Sage Vegetarian Grille,Southampton,PA,4.5,572,Vegan,True,False,True,u'no',40.1751076427,-75.0432257715
6mCsrUp9Vl4iXMbOxWtVjA,Dosa Hut Indian Grill,Nashville,TN,4.0,99,Indian,None,False,False,u'free',36.0810108,-86.7280648
71U7MxQEhwitJOm4CQpRwQ,KELP Sushi Joint,Tampa,FL,4.0,325,Japanese,True,True,True,u'free',27.920067,-82.4989209
mYbEGFsRcA0tfUNSYcBJMA,Golden River Restaurant,Riverside,NJ,5.0,8,American (New),False,,False,,40.0377027,-74.9592809
Mt1FB8hM4XTi3Tk4i0q5gQ,Nicola's Pizza,Lambertville,NJ,4.0,54,Pizza,True,True,False,'no',40.3664177,-74.9416785
_-SSObHzljeA11HAF0lIrQ,Hardee's,Tampa,FL,2.5,27,Fast Food,False,False,False,'no',27.9955205,-82.512474
2DsplH_vy4GCcEnVpn0AbA,Cafe Olivia,Indianapolis,IN,4.5,34,Sandwiches,False,True,False,u'free',39.768973,-86.153309
sWCCxY1-9B1FGlSVeQvnHg,CD Roma Restaurant,St Petersburg,FL,4.0,125,Wine Bars,True,True,False,u'free',27.7854888011,-82.7302946082
wcpL6sD6jKsBO0tbdK2KEA,McDonald's,Fishers,IN,2.0,34,Coffee & Tea,True,False,False,u'free',39.9575816,-86.0106627
k6NkyANDoAMSNpa9_VD8IQ,Rosa Mezcal,New Orleans,LA,4.0,76,Mexican,False,False,False,u'free',29.9316559894,-90.0736488057
ZH-D4qbLggBSvwpF0zXrQQ,The Original Pancake House,Boise,ID,4.0,155,Breakfast & Brunch,False,False,False,u'free',43.6192456,-116.2546881
yX-eHIG--H3geTNWZ2Q6SA,Crush Gourmet Raspados,Tucson,AZ,5.0,5,Shaved Ice,,,,,32.2436522,-110.8859797
zIDuAuwyaLmNwv4k18mbwA,India Palace,Indianapolis,IN,3.5,167,Indian,True,False,True,u'no',39.8317759,-86.2404209
yQhu3LbnB2gQgrquHZ_S6Q,Saladworks,Newtown,PA,3.0,42,Soup,True,False,False,u'no',40.2340046,-74.9414872286
ZfWVso8VlT0VN14rxVHccQ,Candida's Pizza,Ambler,PA,2.5,22,Pizza,True,False,False,u'free',40.154294,-75.2229125
Gki1ureeRKqlIkQ-AELDVg,Brugada,Nashville,TN,3.5,49,Dance Clubs,True,False,True,'free',36.163323,-86.7765917
L0-MS0MbQhEWAPLkjCqhpg,O'Shucks Seafood & Grill,Madeira Beach,FL,3.5,29,Tacos,False,True,,u'free',27.7852179,-82.7821118
q2N2KLhAeD0c0p-ryI3uDg,HotBox Pizza,Brownsburg,IN,3.5,14,Pizza,,,False,,39.85806,-86.390022
q4m9o8LDJRrdU1DcgcAm3w,Auntie Anne's,Clearwater,FL,2.5,10,Pretzels,True,,,,28.0173889,-82.734549
JomDoQafikclSVVCPkWjnA,Cedar Park Cafe,Philadelphia,PA,4.0,301,Diners,True,False,False,u'no',39.94796,-75.22198
gI34hM-873fwF1XQ8hOaSg,Joe’s Pizza and Pasta,Godfrey,IL,4.0,17,Salad,True,True,True,,38.9491828,-90.1903059
EjzWyITI75CKSKb6RGCG_Q,Sonny's BBQ,Tampa,FL,3.0,11,Barbeque,False,False,False,u'no',27.9958415,-82.5722699
1ddqdY_piKp-abaZ-bGRSA,Crescent City Steak House,New Orleans,LA,3.5,226,Steakhouses,False,False,True,u'no',29.9733253,-90.0810244
clOOOBYvd1aUcFxA9uhFjQ,Tony Sopranos Pizza,Florence Township,NJ,3.0,21,Pizza,True,False,False,'no',40.1198350243,-74.8050415413
lCBLhf37pnkyZ-1MWNF3ag,Gandolfo's New York Deli,Tampa,FL,2.5,23,Delis,False,True,False,'free',28.0642084807,-82.5053286552
0pMj5xUAecW9o1P35B0AMw,Wawa,Norristown,PA,3.5,8,Coffee & Tea,True,,,u'free',40.141292,-75.389286
MVmJuns9ZD9QLGltc0Am8g,Triple R's Smokehouse,Mascoutah,IL,4.5,8,Barbeque,False,True,False,,38.4935850144,-89.8207885399
l7gFSHojInQCglAVbv2_FQ,Tony luke's,Glassboro,NJ,2.5,20,Sandwiches,False,False,False,u'free',39.7053901,-75.1136931
RuBWR6CAgVi7iWR8LHUi6A,Lee House,Edmonton,AB,4.0,30,Barbeque,True,False,True,,53.551925,-113.4896661
gl9APAes1BYYt_8UsDVsPg,Ted's Luncheonette,Largo,FL,4.0,37,Breakfast & Brunch,False,False,False,'no',27.9278613,-82.7961982
5EGhvgDt_E-JPl4EhQkOtg,Edgehill Cafe,Nashville,TN,4.0,7,Coffee & Tea,False,True,False,u'free',36.024589,-86.71193
gyUBYwpUO_u0nqZdre4l1g,Shanghai Express,Marlton,NJ,4.0,74,Chinese,True,False,False,'no',39.916113059,-74.9215189617
wMyHVb54Ne9SNasa4kjOCg,Carnivore,St. Louis,MO,4.5,281,Breakfast & Brunch,True,True,True,u'free',38.6184117,-90.2741825
4FaYG9qKDpDyr68bKmaIEw,Capitol Cellars,Boise,ID,4.0,176,Wine Bars,False,True,True,u'free',43.6135729,-116.1999038
rqaIe-61HKlWaGYmVwlw8Q,Petite 4,Boise,ID,4.5,121,French,None,True,True,'no',43.6046712,-116.22804
kq5Ghhh14r-eCxlVmlyd8w,The Coventry Deli,Philadelphia,PA,4.0,65,Delis,True,True,False,,39.953291,-75.173645
MYoRNLb5chwjQe3c_k37Gg,Sean Thorntons Public House,Philadelphia,PA,3.5,6,Irish Pub,True,False,False,u'no',39.988107,-75.105553
pP4q0Mym-qt20nRqTKbzhQ,Morton's The Steakhouse,Philadelphia,PA,3.5,149,Steakhouses,False,False,True,u'no',39.949603,-75.1649701595
L7mbUPFMAfetY0fzuYtZ_g,Dunkin',Delran,NJ,3.0,7,Donuts,True,False,,u'free',40.0153779791,-74.9543424694
7Ct4QuWaY63DkAOXqEiVGA,Hong Kong Chinese Restaurant,Glenolden,PA,3.0,18,Chinese,True,False,False,,39.9033171,-75.2844083
Wc-c_hQK4vFCl9keeVTUZw,Felix's Restaurant & Oyster Bar,New Orleans,LA,3.5,255,Cajun/Creole,True,True,False,u'free',30.023792,-90.1136223
c6xOzTbNqD-1g9PoxAh4DQ,The Wine Loft,Nashville,TN,3.0,36,Tapas Bars,,False,,,36.1520443,-86.7846698
YhQAQhG1IkXJH7oLZMbM9w,Del Taco,Sparks,NV,1.5,60,Fast Food,True,True,False,'no',39.5836527,-119.740935
qMmEEvmRvcyJUD5SrKNCtA,King Ribs Bar-B-Q,Indianapolis,IN,3.0,20,Barbeque,True,False,False,'paid',39.8540036,-86.2406392
qS4CaO_u_vMrTl31XJto1A,Szechuan Paramount Restaurant,Edmonton,AB,3.0,25,Buffets,True,False,True,'no',53.5878652,-113.4915257
NVpbPRDvfwjb85CJwWE0nQ,China Wok,Huntingdon Valley,PA,4.0,55,Chinese,True,False,True,,40.0903977316,-75.0926760348
LVteL0Rnh2E_yOFCLJUPhg,Double Decker Pizza - Media,Media,PA,4.0,88,Pizza,True,False,False,'free',39.916169,-75.382347
VS4iEul7Rp4jJGcNcKu4FA,Brew House Pub & Grill,Reno,NV,3.0,6,American (Traditional),False,False,True,u'free',39.4772227,-119.7930507
HjLYCBxJti8V-hsP_yVZ3w,Taj Mahal Homestyle Indian & Pakistani Cuisine,Boise,ID,4.0,280,Vegan,True,True,True,u'free',43.6161949628,-116.2027077
Iuir7lUtx-LMhYtStwyf3Q,Another Broken Egg Cafe,Indianapolis,IN,4.0,26,American (Traditional),True,True,,,39.904151,-86.083809
vVm2qH6n4tWzN_qv6PBIVw,The Humming Bird Jerk house,Tampa,FL,3.5,32,Caribbean,True,,,,28.130283,-82.364992
skN2XhKXlcjf53uIwzAedw,Burger Up - Franklin,Franklin,TN,3.5,329,Burgers,True,True,False,'free',35.9459704793,-86.8279486659
du_yelFmWOZDEyIAE-jdsQ,Taco Del Mar,New Orleans,LA,2.0,9,Mexican,True,False,False,,29.9522480802,-90.0782639989
nePPSHdai8L7aWmXwOZHEg,Stokehold Restaurant,New Orleans,LA,4.5,13,Breweries,False,True,False,'free',29.9170045,-90.0982621
vLT1KtrA9bWvjFOg-0xVIg,Pieology Pizzeria,Goleta,CA,3.5,131,Gluten-Free,True,True,False,u'no',34.4304533,-119.8723449
y1HgVnt4K5owmYXC5yXLGg,Flambo Caribbean Restaurant,Philadelphia,PA,4.5,138,Trinidadian,None,False,True,u'free',39.9686973,-75.1606146
jBCgQ6nZDsMCWU7eaSxOpw,Whaley's Blazin BBQ,Lutz,FL,4.5,58,Sandwiches,False,False,False,u'no',28.137927,-82.4626332
hfN3l0gJ-XszD1XFGNvA6A,Akira,Collingswood,NJ,3.0,40,Japanese,True,False,True,u'no',39.91576,-75.068382
vo12FJ4dAdP8Jr4ctFYRkg,Painturo's,Mount Juliet,TN,4.0,46,Pizza,False,True,False,u'no',36.2244538,-86.5418712
8P7YOM9ThhTvLqXfSWRcRA,Noodles & Company,Creve Coeur,MO,3.5,65,Comfort Food,True,True,False,'free',38.6735532,-90.4204985
I2CxrvM0BGH1svfxqGGD2g,M.L.Rose Craft Beer & Burgers - Melrose,Nashville,TN,3.5,472,Automotive,False,True,False,u'free',36.1226231735,-86.7761365195
wMJlbZt2vOTG_FV96gkRVA,Dunkin',Cherry Hill,NJ,3.5,6,Donuts,None,False,,'free',39.9374871,-75.0363126
RrqRin8BYGrTlJbCDwtLzA,Wawa,Philadelphia,PA,3.5,50,Delis,True,False,False,u'free',39.9510885597,-75.1989988336
Nolwnmtnt5QeDGlS0bsCGQ,Five Guys,Sherwood Park,AB,4.0,37,Burgers,True,False,False,u'no',53.5126210396,-113.3219998596
25ZRypSbZUHrPe6PFYQ2sw,Quiznos,Boise,ID,3.5,5,Fast Food,False,True,False,u'free',43.6048735,-116.2900126
IgNDlyLERBwFGphgcC5VDQ,Cosi,Philadelphia,PA,2.5,63,Sandwiches,False,True,False,u'free',39.9487514826,-75.1604487143
2vAqYNN86VWXZiy2E96-TQ,Chick-fil-A,Tucson,AZ,3.0,13,Event Planning & Services,False,,False,u'free',32.2324455,-110.9516985
wUEbysNWCtMSQAio6Ktn6Q,Lucianis Pizzeria & GRILL,Fort Washington,PA,3.0,22,Pizza,True,False,False,,40.138836,-75.1952339
W4ZEKkva9HpAdZG88juwyQ,Mr. B's Bistro,New Orleans,LA,4.0,2064,Breakfast & Brunch,True,False,True,u'free',29.9543868,-90.0683629
fVPPZWf5QghlCLYRYec1rg,China Sunrise Restaurant,Tucson,AZ,3.5,12,Chinese,,True,False,u'no',32.3088305,-110.8454971
vuL3QCjFZ7lU5LMdUAmZ9Q,Subway,Wayne,PA,1.5,5,Sandwiches,,,,,40.0442635,-75.3993543
eFMPUHyo-XKACgJx46unaA,"Dutch Oven Bakery, Inc",Limerick,PA,2.5,8,Bakeries,,,,,40.219679,-75.508814
3swM60bulnut1d4AZti80Q,Rockabilly Grill,Tucson,AZ,3.5,37,American (New),False,True,False,'free',32.2739894,-110.9775344
4fUok5d5vgdQEb1Bzzg0rA,Olive Garden Italian Restaurant,Kenner,LA,3.5,115,Italian,True,False,False,'free',30.0200051249,-90.2493493809
bdth7r1brx9yRU7sYwF9jQ,Nippon Tei,Ballwin,MO,4.0,254,Japanese,False,False,True,u'no',38.596068,-90.493565
g7GCbnZC_HKO0ybNt7NXBw,Popeyes Louisiana Kitchen,Nashville,TN,1.0,6,Chicken Wings,None,,,,36.202427,-86.692898
a4BzM4nqUzJRqszzEV1fJQ,Italian Style! Italian Restaurant,Franklin,TN,3.5,5,Italian,,,True,u'free',35.9173052,-86.8296648
5cz1XbgalpQ89gsNQwneVQ,Portofino's Italian Kitchen,Tampa,FL,4.0,59,Pizza,True,False,True,'free',27.9955961525,-82.5828616138
iNMdSi5bmvGSGeRQiUW4dw,Wendy's,Tucson,AZ,2.5,14,Fast Food,True,False,False,u'no',32.1637404,-110.9167218
rBE5TT_ndOOczNBrbRnJwA,Dio Modern Mediteranean,Tampa,FL,4.0,325,Greek,False,True,False,u'free',27.9491200666,-82.458398826
oRZzKWdyMQld6N_y4UWkAg,Terra Sur Cafe,Tampa,FL,4.0,316,Latin American,True,None,False,u'no',28.0819277157,-82.5391477434
biGIDbCGsAZJ-Y4zyV_b_A,Taza Mediterranean Grill,Brandon,FL,4.5,65,Vegan,True,False,False,'no',27.940439,-82.266787
SSZDGl2J-CEyIzuIbEiYNQ,Caleco's Bar & Grill,Saint Louis,MO,3.0,532,American (New),False,False,True,'free',38.62644,-90.1897829
_Oksx3ALgKLRVxeAR8l_qA,V-Trap Kitchen and Lounge,Wilmington,DE,5.0,13,Mexican,True,True,True,u'no',39.7506101734,-75.5708500743
LKGlZW0mmuoXvKB04FSP-A,Crab Du Jour,Turnersville,NJ,3.5,26,Seafood,None,,False,u'free',39.7566327,-75.0463982
dUctvEfHQccW_uxtRup2QQ,Tsunami Japanese Steakhouse,Saint Petersburg,FL,3.0,212,Steakhouses,False,False,True,'no',27.7899621,-82.7262212
TSgZB6PkWFjmasewVkySjA,Bar-B-Q Heaven,Indianapolis,IN,3.0,10,Barbeque,False,False,True,u'no',39.8104692,-86.1413134
kpFgC_cTU2yBPi-G_vFHTA,Thai King,Indianapolis,IN,4.5,7,Thai,True,,,,39.9060335,-86.0639725
ByTZJsTDDhvOYKCj7uoy4w,Rumours Wine and Art Bar,Nashville,TN,3.0,29,Arts & Entertainment,False,True,True,u'no',36.1271133,-86.7889412
qWZimITbVwNSGJZsuM47-Q,Pho Orchid Uptown,New Orleans,LA,3.5,81,Vietnamese,False,True,True,u'no',29.9345207214,-90.0806121826
L_sXNadtVHjxMw7Yhvkj9Q,Naoki Ramen,Philadelphia,PA,4.0,92,Ramen,False,False,True,u'free',39.955454,-75.1549
RJPRi1pwocHNZr9ISz_P-A,National Underground,Nashville,TN,2.5,126,Music Venues,False,True,False,u'free',36.1617952,-86.7744663
micimc15zJloGJaktAHBsQ,Nacho Mama's Mexican Grill,New Orleans,LA,2.5,14,Mexican,False,False,False,u'no',30.0237817,-90.0608272
CjkxTRergWcYWb4SVW3gxw,Smokin' Out,Holiday,FL,4.5,88,American (Traditional),False,False,False,'no',28.20766,-82.740475
PfusNFPwZFcJGHgfZMw2RQ,Basically Buttercream Bakery & Cafe,Brownsburg,IN,2.5,8,Bakeries,True,,,,39.85429,-86.39273
K5ffo0hkwhG33BDNQrJF6A,Slate Bleu Restaurant,Doylestown,PA,4.0,105,French,False,True,True,u'free',40.3072739,-75.1299259
Ojd913yxClnEwQSthSd8XQ,BarBurrito - South Edmonton,Edmonton,AB,3.5,8,Fast Food,True,,False,,53.4531516,-113.48298
oQYZ3j2H758y07p4RpCWug,August Rhodes Bakery,Tucson,AZ,4.5,89,Event Planning & Services,None,True,False,u'free',32.2627192,-110.9446296
3Kj0DlqXWTGqi6GUsM0Nfg,El Rancho Mexican Grill,Port Richey,FL,2.5,9,Mexican,False,False,False,u'no',28.2867431,-82.7152898
lgu_KwQLd8TX2ewsNIzsjA,K-Bop STL,St Louis,MO,4.5,69,Food Trucks,True,True,False,u'free',38.6549760334,-90.2968843281
HuDNHqKv9n1mWpe4BqCnwA,Minas Pizza,Philadelphia,PA,3.0,54,Pizza,True,False,False,u'no',40.0352350987,-75.2167929785
XQnb4KnTqO-QdvEFYpcwAA,Domino's Pizza,Westwego,LA,2.5,11,Chicken Wings,True,,,,29.8968561,-90.1409146
H2nFgEFitRk7ltE8IRH0xA,Taco Bell,Tampa,FL,2.5,42,Tex-Mex,True,False,False,'no',27.944918,-82.523213
Y2NFeGtConx1qciSPKcRlA,Reginelli's Pizzeria - Closed,New Orleans,LA,3.5,171,Sandwiches,True,True,False,u'free',29.9233127,-90.0875812
koeubKPpi6ax4FDh7_zcWg,Palo De Azucar Cafe,Trenton,NJ,5.0,5,Cafes,,,,,40.2071578,-74.7499323386
A6FDSdfwLPgl2T3ayKllqQ,Chili's Texas Grill,Edmonton,AB,2.5,20,Sports Bars,False,False,True,u'no',53.5399983,-113.6163226
BxR5hjyBnJZrm_nnaCtGQw,The Lunar Inn,Philadelphia,PA,4.5,29,Beer,False,True,False,u'free',39.9822933,-75.1031599
T9n_LqUUhC2b1ALhg57Y5Q,Texas Roadhouse,Bensalem,PA,4.0,240,Steakhouses,False,False,False,u'no',40.09165,-74.93997
slie9368A_rG70_1Wxe50g,Domino's Pizza,Tucson,AZ,2.5,27,Food Delivery Services,True,False,False,'no',32.2644762747,-110.9259400061
_NhT0A3LUEd75L_cEXf2_A,Season's Pizza,Wilmington,DE,3.0,7,Pizza,None,,False,,39.7457361,-75.6098744
4TQMOy00KD_54xSFwKgMZw,Ndulge,Philadelphia,PA,3.5,15,Thai,,True,False,u'no',40.025842293,-75.2243893677
n1HOCV74TBVZdQdOUgp9xA,Moe's Southwest Grill,Sicklerville,NJ,2.0,50,Tex-Mex,False,False,False,'no',39.7357834,-75.0083576
NQSnr4RPUScss607oxOaqw,Chase's Hop Shop,Philadelphia,PA,4.5,116,Chicken Wings,None,True,False,u'free',40.0603863,-75.0845897
Ea2hPSFazxXITET4f6ZJhw,Beef 'O' Brady's,Lutz,FL,3.0,46,American (Traditional),True,False,True,u'free',28.140648,-82.461204
C3roKH0ekXBz8l0ZoUIvAA,Roadrunner Coffee Co.,Tucson,AZ,4.0,9,American (Traditional),,,,u'free',32.2865595,-110.9982234
UAi8nZY-tCA758y4_8Meuw,Fullylove’s Restaurant,Tucson,AZ,4.5,25,Vegan,,,,,32.2555727924,-110.9435389043
E3xBC7Bb6KRlZeqcY3bWtA,Build-a-Burger,Nashville,TN,2.5,38,Burgers,False,False,True,'no',36.1084621,-86.8164366
7utsfp2dXJ09j8Gb9hAIvA,Suzy-Jo Donuts,Bridgeport,PA,4.5,89,Bakeries,False,,,,40.1053723,-75.3404208
joeRm-_7T0XTkMdKo2nbaA,Paola's Pizzeria,Wayne,PA,4.5,126,Pizza,False,True,False,'no',40.0451819,-75.388188
QehLpDI-ZdJJLu5dobDdxg,Mundare Sausage House,Edmonton,AB,4.0,7,Ukrainian,,,False,,53.570634,-113.416455
k0AO8X3VzWe_F4lkMb0eSg,The Cubby Hole,Moorestown,NJ,4.5,202,Breakfast & Brunch,False,True,False,u'free',39.9647367,-74.9453088
_HcAoG6Jj_XTj4-XNEbo6Q,Fuzzy's Taco Shop,Tampa,FL,3.0,172,Sports Bars,True,True,False,u'free',28.0533288743,-82.3928146398
MuKoTR56s6elHEI2wUkgJA,Grace Meat + Three,St. Louis,MO,4.5,470,Soul Food,True,None,False,u'no',38.6267906,-90.2567049
V6Om7YZhlRQRU7WfuxHq8Q,Beck's Cajun Cafe,Philadelphia,PA,4.0,485,Cajun/Creole,True,False,False,u'free',39.9533224742,-75.1590000821
COclRBaXBjYpomS4syUmvg,Monon Coffee Company,Indianapolis,IN,4.0,170,Coffee & Tea,False,True,,u'free',39.870878,-86.1422438
qUHaTDZlzjPXSvXrLk66mw,Rai Rai Ramen,Mount Laurel Township,NJ,4.5,196,Ramen,True,None,,u'free',39.9199498,-74.9283212
DOl21AqtT74dUZ3kvXNNcA,Golden Triangle,Philadelphia,PA,4.5,159,Malaysian,True,None,True,'no',39.9415201345,-75.1509702725
q40E5X_HdjeM_Kl1BE7Gtg,Orchid Thai Foods,Tampa,FL,4.5,62,Asian Fusion,False,False,True,u'free',28.1184025,-82.3816714
I4TFiNX5gTsJBnEGH2Tl8Q,Benna's West,Philadelphia,PA,3.5,47,Juice Bars & Smoothies,False,True,False,u'free',39.931855,-75.168473
wgcSbX3osqRibWW7pVyfww,Jack in the Box,Tucson,AZ,2.0,13,Burgers,False,False,False,,32.2298503,-110.9900599
FzelkV3vzxkRgBmVSIqALA,Edley’s,Glen Carbon,IL,3.0,34,Barbeque,,True,,,38.7733254332,-89.9929298076
MKy5T5exCdH4IUVlYPtWkw,El Taco Torro,Indianapolis,IN,3.5,14,Mexican,True,False,False,,39.834095,-86.0276615
GfDdZfZeq690h3AS5QbjvA,MOD Pizza,Boise,ID,3.5,22,Pizza,True,,,,43.6105313,-116.2838307
qbPsfIKJZQAlrPaYmSyZuQ,All Wrapped Up,Sparks,NV,4.0,7,Food Trucks,False,,,,39.5401545,-119.7483949
lj-E32x9_FA7GmUrBGBEWg,Brio Italian Grille,St Louis,MO,3.5,366,Pizza,True,True,True,u'free',38.6324938,-90.4064437
4Rz9e2RmP7ErILpcls-n2w,Belle Restaurant,Nashville,TN,3.0,5,American (New),,False,True,,36.1049162,-86.8646954
QNxXsVPYcecUuhGRG-88OQ,Harvest Bowl Eatery & Market,Tampa,FL,4.0,101,Wraps,True,False,False,u'free',28.002703,-82.4590917
RzGr37s8p2ujVuN9of7ksQ,Panaderia La Conchita,Nashville,TN,4.5,44,Bakeries,False,False,False,'no',36.0744978515,-86.7254739712
_v8Ccd70N6uXw8muQeyhOA,Moxie's Grill & Bar,Edmonton,AB,3.5,52,Canadian (New),False,True,True,'free',53.5978212,-113.5706935
isbeaPln-E0DdffLRsuFhw,Francisco's On The River,Washington Crossing,PA,4.0,109,Specialty Food,True,True,True,u'free',40.3136566,-74.8957796
5wgoIQXyP3BEPZLiVi1W8A,The Howlin' Wolf,New Orleans,LA,3.5,213,Arts & Entertainment,True,True,False,u'free',29.9426876,-90.065991
EvZxyqrR2xej3CT14pLa7w,An American Place,Saint Louis,MO,3.0,22,American (New),False,True,True,,38.6307201,-90.1922467
dtDM4YlFFS3XXXnwQlaUdw,The Distelfink Bakery,Lansdale,PA,3.0,14,Bakeries,True,,,,40.2406921,-75.3039462
2FOU5-I_eCGVNdr8R5wciQ,Texas Margaritas,Zionsville,IN,4.0,27,Mexican,,,,,39.949498,-86.333274
i8UZblHPk2O-iNKJrnWQ_Q,Taco Bell,Tucson,AZ,2.5,26,Fast Food,True,False,False,u'free',32.220539,-110.809269
KDIkj7rASjiE1xUnyXALnQ,Ham's Deli,St Charles,MO,4.0,12,Event Planning & Services,True,True,False,,38.7813826352,-90.4813783106
hTyJhpH7Bl5moMWQb4Sosg,Island Fin Poké,Tampa,FL,5.0,88,Gluten-Free,True,True,,u'free',28.169016,-82.356628
2quqM0ajKfTC_DV8sLAvxQ,Jon Smith Subs,Meridian,ID,3.5,39,Sandwiches,True,,,,43.6033767164,-116.4330922049
CyGxCUdTRGUPKGOgzC6Zug,Hudsons Canada's Pub,Edmonton,AB,3.5,54,Chicken Wings,False,True,True,'free',53.5178491,-113.4951883
IXv-g1iK3Hwsnxp0vT8OgA,Whataburger,Tucson,AZ,2.5,71,American (Traditional),True,False,False,'no',32.2979232056,-110.9969272166
PvT44WlqJLkUrCITo6AjRA,Breakfast Boutique Chestnut Hill,Philadelphia,PA,3.0,151,Breakfast & Brunch,True,False,True,u'free',40.0771492176,-75.2087070076
7pxE4BFDibv6Q7MBbNOPQA,Los Rancheros,Indianapolis,IN,3.5,45,Imported Food,True,False,False,'free',39.8829229,-86.2435883
i6kNeNRrER8ocnpkBJ3wBA,Drexel Hill Pizza & Grill,Drexel Hill,PA,3.0,54,Pizza,True,False,False,u'free',39.9505756,-75.3120184
YdwLZnSDkX0Sk6iXL357kQ,Big Horn Grill,Verdi,NV,4.0,8,Burgers,,,,,39.5134958106,-119.9682300023
EAJOR4zG6_ixBPYgWhp6Jg,Cafe Jasper,Tucson,AZ,3.0,19,American (New),False,True,False,,32.3224767,-110.9290914
5QCLmv-JrdY0ZGc_D5__iw,Wheel Cafe,Dunedin,FL,4.5,68,Coffee & Tea,False,False,False,u'free',28.019385,-82.7742533
G9JqaURDTC_pSzji0bytwA,Port St Peter,New Orleans,LA,3.5,83,Breakfast & Brunch,False,False,False,u'no',29.958496,-90.0652404
xPSetcLWfl_3JoENfGf89w,Sauce On The Side,Ballwin,MO,4.0,37,Italian,True,,False,u'free',38.5667652088,-90.4985027735
xqEX7nzaESYmwyS5f_UI9g,Miami's Best Cuban By Los Maruchos,Seminole,FL,4.5,42,Sandwiches,False,True,False,u'free',27.8377084637,-82.7872937707
eJFw8xWcqyAno0SclR4uzg,Madison's Grill,Edmonton,AB,4.0,51,American (New),False,True,True,,53.5407845,-113.4922256
ziFtaIQdzQfFL79iLTq_zQ,Zac's Hamburgers,Folsom,PA,4.0,48,Burgers,True,True,False,u'no',39.89378,-75.3197179
kHOXo-IZSpixpctmHsGlyA,The Beach Grill at Padaro,Carpinteria,CA,4.0,16,American (Traditional),True,True,False,,34.4068624,-119.5485504
7p4iMnA_hE1Gpz6Yoc7TOQ,Meal Prep Reno,Reno,NV,4.5,23,Food Delivery Services,True,,,,39.518212,-119.73758
uE3yzH2l1A_FYciu95EptA,Koi Sushi & Thai,Franklin,TN,4.0,157,Asian Fusion,True,None,False,'free',35.8994368,-86.8755453
2fTfpN5SggLgW4LlzptMPg,Tzin Wine & Tapas,Edmonton,AB,4.5,116,Beer,False,True,True,u'free',53.5410214625,-113.4992408752
KeigREOxJtmzmYRg__6FPg,Curry Corner,New Orleans,LA,2.5,8,Thai,False,True,False,,29.9475543,-90.1297535
aYJjJMN8heS2PmkvsQzaZg,Treme Coffeehouse,New Orleans,LA,4.5,137,Bagels,False,True,False,u'free',29.9654586,-90.0695669
yS0TsUzKBQlHQCZZeBrxww,Tortas El Guero,Indianapolis,IN,4.5,176,Mexican,True,True,False,u'no',39.8244846,-86.2709327
7L2E_JyL7L2vgVAxArcUYg,Penn Station East Coast Subs,Fenton,MO,4.0,12,Sandwiches,True,False,False,,38.5113828241,-90.4436020476
QkyEr9j7il9lJqseTbPe5w,Spasso Italian Grill,Media,PA,3.5,192,Fast Food,True,True,True,u'no',39.9182380676,-75.3896167572
WcUS0B2iFLPAsdUZMwKkWw,Surf and Turf Cafe,Tampa,FL,3.0,5,Seafood,True,,,,27.9456571,-82.4567437
LqaIFNWnwmy3PInuBDpAxg,Amigos Mexican Restaurant,Boise,ID,4.0,96,Mexican,False,False,False,u'free',43.632317,-116.2248715
_v_iFg_1a7nBBJVy8O02HQ,Shogun,Creve Coeur,MO,3.0,24,Japanese,True,False,True,u'free',38.6758808,-90.4633168
Nemb9iLSuFgHsU6Rv8Y1Tg,A&W,St Albert,AB,3.0,8,Burgers,False,,False,,53.6224138,-113.6075804
XGV6orMei8NRfmbpsRC3Rg,CraftyCrab,Indianapolis,IN,4.0,28,Seafood,True,True,True,,39.9149138,-86.2259734
A_-Vv5oKZNqxsV69_7E2KQ,8th & Union Kitchen,Wilmington,DE,3.5,177,Vietnamese,True,True,True,'free',39.7524434,-75.5711769
N1ZXhAVzOzbyCBPEXTaUUw,Tandoor Authentic Indian Restaurant,Philadelphia,PA,3.5,148,Food Delivery Services,True,False,True,u'free',39.9551144,-75.202451
8SqvtaRu9likNDAfAU-HBQ,Panda Express,Nashville,TN,3.0,15,Fast Food,True,False,False,u'no',36.2027284902,-86.6944885254
CE9wc-UtRIwiyo5i4QO1Og,CACi Wood-Fired Sicilian Grill,Eagle,ID,4.0,156,Sicilian,False,True,True,u'free',43.687375,-116.334128
7CBsFEzEny_Ro833RS6Acg,Farmer's Market Deli & Grill,Nashville,TN,3.5,9,Delis,None,True,False,u'free',36.169445,-86.78794
CcqPX9PV6vHS7E9rYlgKoA,Racanelli's New York Pizzeria,University City,MO,3.5,45,Pizza,True,False,False,,38.6555026,-90.3025432
AaWmckcT3O1iQSAIUmzwUA,Basimo Beach Cafe,Clearwater,FL,4.0,339,Breakfast & Brunch,True,True,True,u'free',27.9519956663,-82.829717
xtV9pSVUv8sgqAO7Oxoacw,Eh! Formaggio,Indianapolis,IN,4.5,6,Pizza,True,False,False,,39.8516197,-86.2631756
vQ3bOb_sq0peWxJx3VoCDw,Jimmy B's Eatery & Pub,Indianapolis,IN,4.0,42,Pubs,False,False,False,'free',39.9411009,-86.1463788
Vf1je11xO_8RtFeBUiV2tg,Golden China Restaurant,Tucson,AZ,3.5,13,Chinese,True,False,True,u'no',32.1907202,-110.8436457
Up2hJViJJf61k9V3jFbvzg,Cafe Arnold Neighborhood Grill,Arnold,MO,2.5,9,Sports Bars,False,True,True,u'free',38.4060687852,-90.3770434828
ryHhnOItSVPJB81Ty0Xb2g,Stonefire Tavern,Largo,FL,4.0,59,Cocktail Bars,False,False,True,u'free',27.8800115344,-82.786168
-rTJCKclkU_ZnoQb4oKa9w,Fray's Donut House,Saint Petersburg,FL,4.5,60,Breakfast & Brunch,False,None,False,u'free',27.820184,-82.655327
SdZvOwgALlSBt8A0DvVkuQ,Reno Tap Room,Reno,NV,4.0,45,Pubs,True,True,False,u'free',39.469099,-119.786907
jwtz8TmuD6VyfiB7fxOU2w,Eats,Mount Juliet,TN,3.5,8,American (New),,,,,36.2198738,-86.5726223
5TVWytR2oNbSKYgfxypuBw,La Patisserie Chouquette,Saint Louis,MO,4.0,229,Cafes,False,True,False,u'free',38.6197152,-90.2556467
nBr6NgqcZz1GhtAngU0RSQ,Forin Cafe,Philadelphia,PA,4.5,10,Shopping,False,True,,u'free',39.9813471541,-75.1322471288
_1jlbXWMxN50PQlaRpev7A,Reytas Filipino Cuisine,Cherry Hill,NJ,4.5,79,Filipino,True,None,True,u'free',39.8801882243,-75.0052480303
UFpCraqzFBAhtZqmxmiWsA,Cat Therapy,Santa Barbara,CA,4.5,116,Themed Cafes,,False,,u'free',34.4233018995,-119.7054707479
jcmqREAt1nOg3ABv4ZeD3w,Julian Restaurant,Tampa,FL,4.5,27,Cocktail Bars,True,,,,27.96264,-82.5694048
y44MbCvvtmg1FpkNGSWisw,Tony's Luke,Philadelphia,PA,2.5,172,Cheesesteaks,False,False,False,'no',39.8773236045,-75.2436721818
xb-qtXVZ7xFr51Se5fAZjg,Saige Café,Philadelphia,PA,3.0,14,Sandwiches,None,True,False,'free',39.9667910353,-75.1400172338
diqXZ9CBFlIHW7i9UHefhw,Burger King,Nashville,TN,1.5,9,Burgers,True,False,False,'free',36.0842766668,-86.7042401
sway6xsRT_CUC6peK_Pyww,Bobby Hotel,Nashville,TN,3.5,178,Hotels,,True,True,u'free',36.1647114553,-86.7793040316
IazLGcO9aggJnMMa_5UO1Q,Kimberton Whole Foods - Collegeville,Collegeville,PA,5.0,6,Juice Bars & Smoothies,False,,False,,40.1826806624,-75.4521030608
l8uzbLGk9CLjElcWGyBZ0Q,Transcend Coffee - Ritchie Market,Edmonton,AB,4.5,32,Cafes,False,True,,u'free',53.51263,-113.476381
0HgAYe8KZ_8nHyELHFwrpA,Wendy's,Lansdale,PA,2.0,13,Burgers,True,False,False,,40.2590433156,-75.325845754
NJt2qvQ9NvB7uCxYUnW-dQ,McAnderson's House of Brews,Oldsmar,FL,4.0,5,Gastropubs,,False,,,28.0354421,-82.6597432
nVI9wI9ujmrutJRMgHKSIg,Fiesta Maya Mexican Grill,Springfield,PA,4.5,130,Mexican,False,False,False,'no',39.9142377,-75.3478566
uxoQdZD3mEptaPohiLQg1w,Stone House Grille,Kimberton,PA,4.5,56,Coffee & Tea,True,True,,u'free',40.1298141,-75.5764069
fgIAN_Y-hgPq6E-MPZk8vg,Panago Pizza,Edmonton,AB,3.5,7,Chicken Wings,True,False,True,u'no',53.4263416,-113.5188169
LSdg7x7HhUdvYUevvYVHjQ,Sunoco,Philadelphia,PA,2.5,8,Delis,False,False,False,,39.983319,-75.101136
vVvtWcFResspvcMMNRbYWA,Golden Corral Buffet & Grill,Port Richey,FL,3.0,50,Buffets,True,False,False,'no',28.287119,-82.712339
Vj_72qKqpL10ECZfbHDyBw,Firehouse Subs,Indianapolis,IN,3.0,16,Delis,True,True,False,u'no',39.90473,-86.06554
_49FsmTfruZSTjxU4OwOsg,Taziki's Mediterranean Cafe - West End,Nashville,TN,3.5,120,Greek,True,True,False,'free',36.1436547,-86.8135218
xgPbILU4BRWZqedqyRotPg,Chili's Texas Grill,Edmonton,AB,3.5,26,Sports Bars,False,True,True,u'no',53.4672291,-113.495033
94comc1YjKMNU-WSH-Fznw,Yakuza,Chesterfield,MO,3.0,32,Japanese,False,False,True,u'free',38.6805692301,-90.497781965
24Rr4ALt3fDNROR5LEgp0g,Imo's Pizza,Godfrey,IL,2.5,22,Pizza,True,True,False,,38.9226213,-90.1925518
5l67axuAa5EmEV3lLuSa1Q,Smashburger,New Orleans,LA,3.0,167,Burgers,False,True,False,'no',29.9233129,-90.0877986
E9-k8aOCS2sSh9RYxvWU_A,Steppy's Sports Bar & Grill,East Norriton,PA,3.0,69,Bowling,True,True,False,'free',40.1455977,-75.3182664
HJNRlG5nM4Bxy97PmNNaTQ,Aman's Indian Bistro,Harleysville,PA,4.5,38,Indian,False,False,True,'no',40.2867500339,-75.3982785895
AuTmUY381to83xPwovoERg,Wingstop,Madison,TN,2.5,31,Chicken Wings,True,False,False,u'no',36.2649788207,-86.712538285
jlkDIOPoRP9SJXTkRVpkMQ,BFF Cafe,Reno,NV,4.0,92,Greek,True,True,False,u'free',39.5001633,-119.8576794
yzRC9gyhblU3a5hDct2S2Q,Hykel's Submarine Sandwich-Bar,Ardmore,PA,4.0,34,Sandwiches,False,True,False,u'free',40.000783,-75.2964267
KidSvYABnawyuS_3lIYQzQ,Mercy’s Bakery,Lansdale,PA,4.0,5,Mexican,True,,,,40.2358073358,-75.289159186
IS0B5nLJPluVT8NwGgospA,Cheddar's Scratch Kitchen,Fairview Heights,IL,2.5,187,Comfort Food,False,False,False,u'free',38.5965175492,-89.9841942417
5N5K-B0pA3as6dvl_ha5BQ,Famous Sam's Restaurant & Bar,Tucson,AZ,2.0,25,Burgers,False,False,True,u'free',32.2441089,-110.9083781
dERS4qwl9v-Gwft-Ug8APA,West Ave Grille Jenkintown Restaurant and Food Truck ,Jenkintown,PA,4.0,277,Sandwiches,True,True,False,u'free',40.0957738,-75.1265509
jWcVzCpSayMyIPMniHpQjg,Amore Mio,Tampa,FL,4.0,29,Pizza,True,False,,'paid',28.0098837,-82.4840114
Xjal8g4PsYinAfeQ8RWf4Q,Wasabi2,West Chester,PA,4.5,78,Chinese,True,True,True,u'free',39.9037528,-75.5625925
YnfJv2xUF1GUNORfHAFRFg,Aiello's Pizzeria,Granite City,IL,4.0,12,Pizza,False,True,False,'no',38.7015013,-90.1494921
-JStjL-8mRZq4ov4uI1FaQ,Luberto's Brickoven Pizza,Dublin,PA,4.0,96,Pizza,True,False,False,u'no',40.3753297,-75.208113
UVpki6wyHLR0mujHcneTfg,My Brother’s Bar,Harahan,LA,4.0,6,American (New),False,True,,u'free',29.9369806759,-90.1980554486
v8IbZ6wcvdyGqWpbDKDvfA,YO! Sushi,Tampa,FL,4.0,121,Sushi Bars,True,False,False,'free',27.964536,-82.520756
U30ggGzFpXvc2NZYwOW3qg,Mood Cafe,Philadelphia,PA,4.5,458,Cafes,True,True,False,u'no',39.9486639126,-75.2158315415
YUlWhx8rq_Pc5yVKrp2awQ,China One,Indianapolis,IN,4.0,23,Chinese,True,False,False,'no',39.7139411077,-86.2348012608
X64JH5kXOjWsBCsGxmFSIw,Cinco de Mayo,Old Hickory,TN,3.5,35,Mexican,None,True,False,'no',36.2197054,-86.5722192
RBI0TYx_VmVa_GhW1LZpuA,Dimaggio's Restaurant,Sherwood Park,AB,2.5,12,Pizza,,False,True,'no',53.5418157,-113.3189567
Hqz96v1ymucUKNzIWfEKXw,Subway,Santa Barbara,CA,3.0,5,Delis,False,True,False,,34.430822,-119.714156
NKplFLr1UebQxMLQAxALPQ,Tandoor & Tikka,Indianapolis,IN,3.5,78,Pizza,True,False,False,u'free',39.905788,-86.077582
0t14RIHl4wODz7LRiRRQ0Q,Salty Lime Cantina,Palm Harbor,FL,4.5,103,Tex-Mex,False,True,,,28.0783137,-82.7666322
5fvs7pOE6amG17SiPovxjw,Paradise Pizza Cafe,Tampa,FL,2.5,7,Mediterranean,True,,,,28.0330086,-82.4077832
jLaPtjlLfRSaoBWIcHcSQg,The Mad Crab,University City,MO,3.5,156,Seafood,True,None,False,u'free',38.6727336,-90.345018
dE_MaaYrXBAEebtH2u_B-w,Wilson's Market,Philadelphia,PA,3.5,13,Specialty Food,False,False,False,u'no',40.0390528,-75.1438169
Z5LGSHEYjCUtKwjKotCNqA,Chinese Delight,Wayne,PA,3.0,52,Chinese,True,False,False,,40.0477909,-75.409318
VZfc50XVwgdCecH4YbGNFg,EATS! American Grill,Tampa,FL,4.0,323,American (New),True,True,False,'free',27.902583,-82.505631
68ThEdiK0eWCEgGEmV9Tng,Southgate,Philadelphia,PA,4.0,323,Breakfast & Brunch,True,True,True,u'no',39.9455687,-75.1717901
btycQr2eJqbNbArJdUxMmQ,New Golden Buffet,Phoenixville,PA,2.5,30,Chinese,True,False,True,u'free',40.133113,-75.5342207
0_gh-ZRllduRLrjaYy0Icg,Wawa,Narberth,PA,3.0,13,Gas Stations,True,None,False,u'free',40.0122256739,-75.2619556997
jkkzfaJf-MTG4nmJcX1zzw,Bevan's Cold Cuts,West Chester,PA,4.0,15,Delis,False,False,False,u'no',39.9649478,-75.59756
LEjVZUi2th79XWpW-gHmYA,Venzo's Pizza,Tucson,AZ,4.0,7,Pizza,True,False,False,,32.2213983,-110.8953154
VOEN8f9WEysinBsLqbiVqg,Andrea's Restaurant,Metairie,LA,2.5,218,Venues & Event Spaces,True,True,True,u'free',30.0073382,-90.1538509
JWFpjvCc_nkNDVtMPx1ZGg,Bogo SB,Santa Barbara,CA,4.5,12,Food Delivery Services,True,,,u'free',34.4230427,-119.7032863
gzln_L7ch8z-Ob6autmumw,Trip's Diner,Seminole,FL,4.0,223,Salad,False,True,False,'free',27.8399412788,-82.7854389294
USyJiGIvZ8fHjRVaVTu1Zw,Tony Jr's,Philadelphia,PA,3.0,71,Sandwiches,True,False,False,,39.951157,-75.170714
3Pjvw7oOjjfH_YuH2vMD5w,Zorba,Temple Terr,FL,3.5,7,Mediterranean,,,,,28.0489954,-82.3928704
c7DQU8rHH_GjLdeIvanQmg,Coco's Cocina Tex Mex  Restaurant,Pitman,NJ,3.5,59,Tex-Mex,True,False,True,u'free',39.732375,-75.130925
J7Oo9rhwX7O3ak54pu_Mhg,Captain D's,Nashville,TN,3.5,14,Fish & Chips,True,False,False,u'no',36.16937,-86.67255
YKdlu7svUINmXIoVsDJiFA,Epicurean Restaurant & Bar,Phoenixville,PA,3.0,19,American (Traditional),False,False,True,,40.1298035688,-75.5433654785
N5QQdPac1cXwOHr-ePr90g,5th St. Bakehouse,Reno,NV,4.0,181,Bakeries,False,True,True,u'free',39.5289273,-119.8280683
wDE1AfRVCKUL11hKehQEfQ,Cafe with Soul,Doylestown,PA,3.5,26,Breakfast & Brunch,True,False,False,u'free',40.3320849,-75.1305488
kB_937pEPUD5iwVY12SCbg,Shanghai 360,Edmonton,AB,2.5,6,Fast Food,False,,,,53.543873791,-113.4928506434
h2nBTqJVHAyltyeq7sZZ-w,Blueplate,Mullica Hill,NJ,4.0,232,American (New),True,True,False,u'no',39.7322517,-75.2240679
cEG1r9aRMJwmRQVkh7eiJg,Falls Deli,Philadelphia,PA,4.5,31,Bagels,True,True,False,u'free',40.0128847,-75.1901845
8s1uT8dyBEUwTNeHoZntMg,El Rey,Nashville,TN,3.0,89,Mexican,False,True,False,'no',36.1629191,-86.7761598
idRTl_xdqB12GWXIsisW-g,New Hong Kong Chinese Restaurant,Seminole,FL,2.5,18,Chinese,True,False,False,,27.87184,-82.760131
LC-qVqvkMRmK_ed-SImCXQ,Salvatore's Trattoria & Pizzeria,King of Prussia,PA,3.5,38,Pizza,True,,False,,40.0972098875,-75.3668700904
9dm_v79s9-pefMahqp1SkA,Loco Mexican Restaurant & Cantina,Indianapolis,IN,4.0,178,Mexican,True,True,False,,39.7974826702,-86.1530939541
DMmdMkh7sIhUHgVawGxY6g,Farm Boy Fresh,Malvern,PA,4.0,11,Barbeque,,,,,40.0442832,-75.5241836
nFjk0xVI9fNiVN__5g-m8Q,Ichicoro Ane,Saint Petersburg,FL,4.0,264,Ramen,True,False,True,u'free',27.7701014,-82.6364594
QEF6usO04AtvrazPhLX_sw,Chinese Express,Ferguson,MO,4.0,15,Chinese,True,False,False,'no',38.7353075,-90.301102
TttFjRQ-8Iz8by4hsD7iOQ,Angelina's,Philadelphia,PA,4.5,49,Italian,True,False,True,u'free',39.940221217,-75.1557966694
VqacCoDaQylgZcyRiyvvRg,Quesa-D-Ya's,Saint Louis,MO,3.5,7,Tex-Mex,,,,,38.485721,-90.3581591
opiv3hcNNsRDiLXsUbNw-A,Old Country Buffet,Springfield,PA,3.0,5,Buffets,,,,,39.914661,-75.333685
niEm9LkcLOrvsDzjXD6WpQ,New Orleans Hamburger & Seafood Co.,Harvey,LA,3.5,113,Fish & Chips,True,True,False,u'free',29.8768457,-90.0482728
aurl4I40YVQfQ8loOdgKCg,Crown Fried Chicken,Philadelphia,PA,3.5,11,Chicken Wings,True,False,False,,39.971145,-75.15902
V4THIJk9uhoxL7f06fK5VA,Roundabout Catering,Sparks,NV,5.0,38,Caterers,,,,,39.528286,-119.734864
ifofBiQeb6DI0-u0KEQybg,HAPPYJAXX,New Orleans,LA,4.0,24,Salad,False,,False,,29.945239,-90.069555
mGpLYGly9TmJsWiELfHXYg,Raz'z Restaurant,Smyrna,TN,3.5,44,Cajun/Creole,False,True,True,u'free',35.986072,-86.549655
_cndcbuaqSRW5f-MeZasNw,Toyama Japanese Steak House,Nashville,TN,3.0,142,Steakhouses,False,False,True,u'no',36.040788,-86.7402801
iapJoe3OzxeZqOGUJxnG3w,Fresh Healthy Cafe,Sherwood Park,AB,3.5,8,Cafes,False,True,False,,53.5568884242,-113.2741134955
WMI3BjDby0U-IF6NnN0SXA,Cherry Hill Pizza,Cherry Hill,NJ,3.0,27,Pizza,True,False,False,'no',39.9100678,-74.9958273
0oogOBGXNj39Wnl2SKoe0w,Breakfast Club,Port Richey,FL,4.5,80,Breakfast & Brunch,True,False,True,'free',28.3052669,-82.7011217
u-QBVccU0cRK1pehKL4n0g,Odessa Family Restaurant,Odessa,FL,2.5,17,American (New),False,False,False,u'no',28.0920633,-82.5785573
902y4z16-TKyS9UcThCGYA,MRCKA's Dojo Pizza,Saint Louis,MO,4.0,10,Italian,True,False,True,u'no',38.584834,-90.266358
a8eIw8vCk-kIe__G6NUfaA,China Wok,Tampa,FL,3.5,17,Chinese,True,False,False,u'no',28.0571712,-82.6237785
iq0qAJ2Oc3myUTTMLseTXA,Lorenzo & Sons Pizza,West Chester,PA,3.5,71,Pizza,True,False,False,u'no',39.9604595,-75.6049474
tXf6TpqHOLiwyMNbYAOOCQ,The Little Lamb,Clearwater,FL,4.5,307,Pubs,False,True,True,u'free',28.0114224507,-82.7109746614
WQ832PDnsDshhbQFm83ISg,Villagio Cinemas,Tampa,FL,3.0,285,Cinema,True,False,True,u'free',28.055282,-82.506247
aJpDjaMVhWZRLdwZtqQjEg,T.H.I.S. Place,Edmonton,AB,4.5,24,Ice Cream & Frozen Yogurt,False,True,True,u'free',53.5460723,-113.5012494
5PDNXMquh1C9E089G1RY2g,Ob's Pizza Pub & Eatery,Indianapolis,IN,3.5,10,Pubs,False,True,False,,39.797385,-85.9921824
x483GUYbdSgjaX9Xi3nOUA,Mirna's,Jenkintown,PA,3.5,26,Mediterranean,True,False,True,'no',40.0964196,-75.1260276
UJE-f8gVEB2za5QPZd_wVw,Pizza Hut,Kenner,LA,2.0,16,Italian,True,False,False,u'no',30.0226540534,-90.2691832749
3GGGwkQ8A0ICQTfwTKPiQw,Captain D's,Springfield,TN,2.0,10,Fast Food,True,,False,u'no',36.4922337558,-86.875317026
Y3ZCO17N1_T_Ms1JmswwzA,Taqueria Pico De Gallo,Tucson,AZ,4.0,397,Mexican,True,True,False,u'no',32.1920174772,-110.968540052
AjEg3RzLzQwv4xPPzTc6wQ,Burger King,Metairie,LA,1.5,23,Hot Dogs,True,False,False,u'no',30.0010945472,-90.1325079767
PaOJy2n3oRBpIigV6TMxlg,Old Country Buffet,Fairless Hills,PA,2.5,27,American (Traditional),False,False,False,u'no',40.1880129,-74.8662818
di5ihAL9VWoctHelY8kLTQ,Gigi and Big R,Philadelphia,PA,4.0,81,Caribbean,True,False,False,u'no',39.9512903,-75.1992768
TTsBa6e2qgIEkiFQfYLmYA,Twistee Treat - New Tampa,Tampa,FL,3.5,70,Juice Bars & Smoothies,False,True,False,'no',28.1440679511,-82.3539949058
Cr-uaPrfvG7tvqzLGAGErA,Kyoto Japanese Cuisine,Edmonton,AB,3.5,58,Japanese,False,False,True,u'no',53.5231333193,-113.5113531433
zxpJ4Frr8Zoru-YaNzOxzw,China Spring,Nashville,TN,3.5,33,Chinese,True,False,False,u'no',36.0441354,-86.9579331
j5U5O3scMvPe67jzJcWFug,Zaxby's Chicken Fingers & Buffalo Wings,Tampa,FL,3.0,37,Chicken Shop,True,False,False,'free',28.0146920537,-82.6140054742
gv9IWG3dejsacl6xPG-yyg,Little Caesars,Franklin,TN,2.0,14,American (New),False,True,False,u'no',35.9331871,-86.8246085
bk3u2UQoo516mPz9e1_vqw,CAVA,Newtown Square,PA,5.0,5,Mediterranean,,,,,39.9870475,-75.4059742
RCguFZat10TcbDMeeeM3IQ,El Pollo Loco,Reno,NV,3.0,73,Chicken Wings,True,False,False,u'no',39.4555489488,-119.7781964498
IZv79jZv6el1sBHrG7426g,J Gilbert's Wood-Fired Steaks & Seafood St Louis,Des Peres,MO,4.0,268,Steakhouses,True,True,True,u'free',38.6017712,-90.4475467
zzHtFjfM7NvuVM1HTsCLGA,Nom Nom Japanese Kitchen,Paoli,PA,4.5,35,Sushi Bars,None,,,,40.0420645,-75.4858339
Pb5agnsD9EdCl6yuZp2jJA,O Sole Mio,Philadelphia,PA,4.5,85,Seafood,True,True,True,u'no',39.9378287,-75.1482632
3raJa_XvtP3biGDw1gFJ5Q,Suzie Q's Diner,Seminole,FL,4.0,26,Breakfast & Brunch,True,False,False,u'no',27.8555338,-82.7877341
WMgB7_odx8hk3BFQAIZ5hQ,Thai Phooket Smyrna,Smyrna,TN,4.0,76,Laotian,True,False,False,u'free',35.9317024,-86.5338211
HJe8eEH5qXRjQMAh1VfV_w,Kobe Japanese Steakhouse,St. Petersburg,FL,4.5,91,Japanese,True,,True,,27.7969526,-82.7278308
XsjesLpDVSToQIxSeON70A,Pizza Hut,Reno,NV,2.0,48,Chicken Wings,True,False,False,'no',39.6132777,-119.8478089
_uQEKHH0R5fxrYkLrUI9pQ,Gu Wei Noodles & Grill,Tampa,FL,4.5,40,Szechuan,True,False,,u'free',28.1316091,-82.3691327
lhsQkb5nhf-Kd5OvgB9MNg,Sachiko Sushi,Tucson,AZ,3.5,191,Japanese,True,False,True,u'free',32.1336786,-110.9234427
G0jHNZzhiHWCYZmZWCg-6w,Downtown Diner,Granite City,IL,4.0,8,Diners,,,,,38.7013636,-90.1472908
ilVGsC87BfopszGWw2qdXg,Spice Kitchen,Trooper,PA,3.0,49,Indian,True,False,True,u'no',40.1462266587,-75.3931311565
plobBsTtVUODb353xxFT_g,Sushi Rose,Reno,NV,3.5,634,Sushi Bars,None,None,True,u'free',39.5347847599,-119.8694408537
LTTRaIO-p4zjvXtw9zm1Wg,Mi Caribe,Saint Louis,MO,4.0,96,Cuban,False,True,True,u'free',38.638548,-90.2366249
ARgidflSXPHj7uhK-Y7hwA,Kampai Sushi Bar,St Louis,MO,4.0,328,Japanese,True,None,True,u'no',38.642407,-90.2632879
rD5cJ74ZX4UiBo1geRljPw,Spot House Restaurant and Bar,Florissant,MO,4.5,53,Sandwiches,False,False,True,u'free',38.8143567036,-90.3451039549
368cyArdo0P0aDUOhhE4PA,PANA Donuts Coffee & Boba Tea,Indianapolis,IN,4.5,163,Sandwiches,True,,,u'free',39.6933973,-86.0761149
-sSGKR1V1oBm7BJicIXozg,Barra Rossa Ristorante & Wine Bar - Downington,Downingtown,PA,3.0,100,Gluten-Free,False,True,True,u'no',40.0060495,-75.7049884
Y_XyeCu8AkZyhcF0q5n8Dg,Pitas Republic,Riverview,FL,5.0,5,Diners,True,,False,,27.7931488,-82.3354053
d7qakwHU-hsjUgf2VypdHA,Bhann Thai,Earth City,MO,3.0,47,Chinese,True,False,False,'no',38.761428,-90.454992
gi90NMmRhzl8vzM83UNOVA,Subway,Tampa,FL,3.0,14,Sandwiches,True,False,False,'free',28.15011,-82.3539970377
TO1twT7_FLMbNeDm3KNNRw,F & M Delicatessen,Mount Laurel,NJ,3.5,67,Caterers,True,False,True,u'no',39.930791,-74.9770416
Bw0cpnfI-Y9QmjWzqS-oFg,Izumi,Philadelphia,PA,4.0,219,Sushi Bars,False,True,True,u'free',39.929738,-75.1633963
qZIiURCjON7QcTzNtG9JpQ,Subway,Nashville,TN,1.5,8,Fast Food,False,False,False,u'no',36.1316071,-86.8581153
1w1H1kYUN60zpfdP-0qmGQ,Machismo Burrito Bar,Philadelphia,PA,3.0,30,Mexican,True,False,False,'no',40.0626011,-75.2372078
FQtnx_NwEZBPPMlOeVjXzw,Lennys Subs,Franklin,TN,3.5,6,Delis,True,False,False,,35.9541435,-86.8193952
lYxKXvDZGX9a3RwGuu0tPA,NY Bagel Cafe & Deli,Springfield,PA,3.0,6,Coffee & Tea,True,False,False,u'free',39.9245288,-75.3392149
1X0ZCiRUWkVsdINtZmRSiw,Auntie Anne's,Indianapolis,IN,3.0,7,Desserts,True,,,,39.908954,-86.065503
PJeoajci4MBVuyAOQet57g,Dover Kam Kitchen,Edmonton,AB,3.0,9,Chinese,True,,,,53.5850722,-113.5290706
-97632CUoOkJ8x4AlkPJxQ,Abner's Pizza & Grill,Woodlyn,PA,1.5,5,American (Traditional),,,False,,39.8751524,-75.3436091
I1h0GRYp86eX-XqwVXsSGA,Zeko's Mediterranean Grill,Tampa,FL,4.5,345,Falafel,True,None,False,'free',28.0322261,-82.4189253
WaRZsQEcEHwRk0T2dJ-cuA,La Casita,New Orleans,LA,4.0,202,Mexican,True,True,True,u'free',29.9458122,-90.0712732
0zH0l4Jbf-oove3cLvrFOg,Vecchia Osteria,Newtown,PA,4.0,359,American (New),True,True,True,u'free',40.2280271,-74.9401945
7UxNDF6ZpabC3O0-Qbg3Xw,Yama Japanese Restaurant,Lumberton,NJ,3.0,52,Sushi Bars,False,False,True,u'no',39.981839,-74.7987789
fJNSx1WOo77TmP7Bl26w_g,Washington Crossing Inn,Washington Crossing,PA,4.0,144,American (New),True,True,True,u'no',40.293684,-74.871315
OScd9IP5nI7Cv9HDkrXDDA,Abbruzzi & Giunta's Italian Market,Mount Laurel,NJ,4.5,44,Bakeries,True,False,False,'no',39.9702646,-74.8841016
JOvNunKJlWhwJRwLmUR9ZA,Tryst Gastro Lounge,St Petersburg,FL,3.5,295,Beer,True,True,True,'free',27.7745220251,-82.6327141048
ruFtZKwlJASx5BTk1dh5AQ,Wendy's,Sparks,NV,2.5,35,Fast Food,True,False,False,u'no',39.5380547,-119.734624
Q21nd52A3wOMlu7b28ZISQ,Mandalay Asian Cuisine,Saint Louis,MO,3.0,16,Chinese,True,False,False,u'no',38.6000016051,-90.4468670117
yBebHQPEvz8OtYKUO45QCw,Eden Korean Restaurant,Cherry Hill,NJ,4.5,32,Korean,False,False,True,u'free',39.9110535,-74.9915109
b-EHLoRBtVgOpkv6-i1pSA,Huge Impact Restaurant,Indianapolis,IN,3.5,36,American (New),True,True,True,,39.8239812,-86.247598
3VKE0_-KhU_qMYHxcyVcDg,Just To Serve You Too,Philadelphia,PA,3.0,68,Seafood,True,False,True,'no',40.029648,-75.1322934
y5o2VSvj42KrXrotY3GTgA,Guo Bin Chinese Restaurant,Saint Louis,MO,3.5,51,Chinese,True,False,True,u'no',38.66029492,-90.3585147858
vG9aD-fvsIimgo-l7u8-AA,P.F. Chang's,Franklin,TN,2.5,181,Chinese,True,True,True,'no',35.9467222474,-86.8257665634
T57pARC36apZzr3CSCs4-w,Surf and Turf Kitchen,Lahaska,PA,3.5,25,Pizza,True,True,False,,40.3475889,-75.0298548
kJpoduG3wdA35WzOF_T1Aw,Mexico Lindo,Pinellas Park,FL,4.5,54,Mexican,False,True,False,u'no',27.838651,-82.7173312
kgMEBZG6rjkGeFzPaIM4MQ,McDonald's,Philadelphia,PA,2.0,55,Fast Food,True,True,False,'free',39.9394402,-75.1668049
pJZq57-XUXnDU2yo8gmsUg,Zagol Ethiopian Restaurant,Reno,NV,4.0,160,Ethiopian,False,False,True,u'no',39.5322332,-119.8028435
2y_CdkxEOJEJGyJApfCYpA,Rode's Fireside Restaurant & Tavern,Woolwich Twp,NJ,3.5,104,American (Traditional),False,True,True,'free',39.7532524,-75.3024859
xtSxYDKUmbhRx93CXoG2cA,Sam's Grill,Jenkintown,PA,3.5,6,American (Traditional),False,False,,,40.0901014,-75.1266017
EzHUZ4OqRKASptcx4qiYjA,Cafe Brasil,Saint Louis,MO,2.5,8,Cafes,,True,True,,38.6100525,-90.3636773
SSxXyZFkA8U_DOeWzrrhCA,Starr Diner,Phoenixville,PA,2.0,13,Diners,,False,,u'free',40.1231505722,-75.5087763816
bc3K8KvLkLNu_XU3RkeeeA,LeBuzz Caffe,Tucson,AZ,4.0,33,Breakfast & Brunch,,True,,u'free',32.260933,-110.891826
WHRrhggfj5x3URXVrFqVcA,Cortina Ristorante & Bar,Reno,NV,3.0,5,Italian,,,True,,39.529722,-119.812778
UOWXGW5j1BV-iiqtbBS6jQ,Abe's Place,Tucson,AZ,5.0,20,Salad,True,False,False,u'free',32.2275426,-110.9473193
a0X8BAm9-HhecZBoTElF0A,Goodness Juice Bar & Fresh Food,Tucson,AZ,3.5,7,Salad,False,True,False,,32.2341384615,-110.9581329595
s3FRhtaNU8dt-mKkLKUQaQ,RuSan's Sushi and Seafood,Nashville,TN,3.0,206,Sushi Bars,False,True,True,u'free',36.1518970081,-86.7848066755
PMpcbvBon1rfGE7pWKv8aQ,King House Chinese Restaurant,Trooper,PA,3.5,15,Chinese,True,False,,,40.1473976,-75.3956755
fKDV_dlDhXd7P5kZi97Kng,The Spot,Philadelphia,PA,3.0,80,Breakfast & Brunch,True,False,False,u'no',39.9483749,-75.1744886
3Ry5aKcMuTdp9m1E7n_WiA,Jaipur Indian Cuisine,King of Prussia,PA,3.0,22,Pakistani,False,False,True,,40.0926945,-75.3721041
69y8BIrahfo6I_5AkIYf-g,Rally's,Indianapolis,IN,1.0,9,Fast Food,False,,False,'no',39.6657537565,-86.0787451367
IpAXXfbgZ7M2RaxGtKO7gQ,Catelli Ristorante & Caffe,Voorhees,NJ,4.0,8,Italian,False,False,True,u'no',39.8689418,-74.944448
J8j18KB--ZH4MjTQryPEpA,Burger King,Tampa,FL,2.0,11,Burgers,True,,False,,27.8937618,-82.5193236
9L-MR0arflwFMF9szEBOOg,California Wine Festival,Santa Barbara,CA,4.5,7,Wineries,,,,u'no',34.4144660474,-119.6851896343
JRoY9Mx2LghIki2Uo1SOJA,The Wine Tap,Belleville,IL,4.5,93,Wine Bars,False,True,True,'no',38.5137923,-89.9805554
wxoB4b1s5-LzSUn3-ll6IA,5 Star India,Bridgeton,MO,4.0,11,Indian,True,False,True,u'free',38.7560569,-90.4214482
m6KZGTxRb9_ZyDpB1G6O1Q,Freddy's Frozen Custard & Steakburgers,Marana,AZ,3.5,112,Burgers,True,True,False,u'no',32.3232068,-111.0442513
KPmFv_Ou6ddauV_gYauWzg,Taquería La Juquilita,Nashville,TN,4.5,74,Mexican,False,False,False,u'no',36.1621286521,-86.8611215519
nteD5A6CKXZPqbR9EltQng,Super China Chinese Restaurant,Port Richey,FL,4.0,54,Chinese,True,False,False,'no',28.283355,-82.677826
Ktw3a8hXOKL00UCk_1nSEQ,Bully's Sports Bar & Grill,Sparks,NV,2.5,126,Sports Bars,True,True,False,'free',39.640527,-119.71245
Q28TlneXws1shf8ymTdxtg,Funland Raspados And Munchies,Tucson,AZ,4.5,6,Shaved Ice,,,,,32.2511453516,-111.0123500904
uFF40n9pOqHK1ciajdoSEw,Tony's Restaurant,Carpinteria,CA,3.0,72,American (Traditional),True,True,True,u'no',34.396988,-119.5210305
XgLrkmIqIrD_pl67lAovEQ,The Bourse,Philadelphia,PA,2.0,35,Food Court,True,True,False,u'free',39.9498192516,-75.1486551501
FTsU1vykdDcqfP1uhqG9YQ,St Louis Fish and Chicken,Saint Louis,MO,4.0,7,Greek,True,,False,,38.6667921,-90.2836674
sLgnx_WFCjEoPsS6NwU70Q,Le Peep,Meridian,ID,4.0,259,Event Planning & Services,None,None,False,u'free',43.6327829,-116.3523931
_IYHl6J9iB3lbeJq27pbsg,Taqueria La Hacienda,Philadelphia,PA,3.5,10,Latin American,True,None,False,u'no',40.02202,-75.1240606
pMEQsY7OdNS8jlM39f58Vg,Subliminal Grilled Subs & More,Waterloo,IL,4.5,7,Salad,True,,True,,38.3351684,-90.1504277
i7WnyDXKpT-mPaHEMY-HcQ,Harvest Coffee Roastery,Voorhees Township,NJ,4.0,13,Sandwiches,,True,,u'free',39.8514104,-74.9997241
aYMpjij5ShtEoZueMrQPRw,The Mill,Santa Barbara,CA,4.0,5,Breweries,None,,False,,34.4211189,-119.690633
ZJC0ONdxmIlwidXd8E0fXg,BoomBozz Craft Pizza & Taphouse,Nashville,TN,3.5,57,Sports Bars,True,,,u'free',36.047064,-86.951448
zwfN21b6gN2XGjNG6MYNzQ,Wolfgang Puck Express,Indianapolis,IN,2.0,70,Breakfast & Brunch,False,False,False,'no',39.7166926914,-86.2978263572
SAsO6NFUiVPENX3nJA-KiQ,Rolling Tacos,Boise,ID,3.5,5,Mexican,False,,False,'no',43.619115,-116.313904
XyGRDrgCK0z4CiA6nhwEaw,Persian Room Fine Dining,Tucson,AZ,4.5,258,Persian/Iranian,True,False,True,'no',32.3750163,-111.0463201
cwvpVlg5BE2XXRWTHe3p9w,McDonald's,Sun City Center,FL,2.0,24,Burgers,True,False,False,'free',27.7137051861,-82.3929427564
zJFs_-Qtw7fzAsrQvA3Ltw,El Carrito,Reno,NV,5.0,6,Street Vendors,False,False,,u'no',39.5251254,-119.7886252
bwlSGCjYLNwzXVD9CB_8EA,Hugs & Yogurt Cafe,Willow Grove,PA,4.0,15,Ice Cream & Frozen Yogurt,False,False,False,u'free',40.1478414,-75.1280399
mygIk3l_ShNNB-QbWlrRyg,Zydeco's,Belle Chasse,LA,3.5,161,Cajun/Creole,False,False,False,u'no',29.8777671,-90.0173044
BiBwdFcG0ynK50_g7zJTOg,Chopt Creative Salad Co.,Brentwood,TN,3.5,135,Vegetarian,True,True,False,'free',36.032004,-86.79085
Ryt1Fhgz7sixMQSJiLyP_g,Zocalo,Philadelphia,PA,2.5,59,Mexican,False,True,True,u'no',39.9584222,-75.1938661
B6qHZCAs7Nka-1zdjCzAIQ,Butter's Soul Food,Philadelphia,PA,3.0,77,Caterers,True,True,False,u'no',39.9741307,-75.1815903
h3801KOXLyOt8BAMa1V5HQ,A&W,Sherwood Park,AB,3.0,8,Burgers,True,,False,,53.5415746113,-113.3188727252
rKwIFN1poV6gHBIxp3FxkA,Hardee's,Indianapolis,IN,2.5,6,Burgers,True,None,False,u'no',39.781017,-86.09366
mtGTna-hyFhErb4Zma32IA,The Village Diner,Glenside,PA,3.5,80,Diners,False,True,False,'no',40.106526,-75.147507
XQfwVwDr-v0ZS3_CbbE5Xw,Turning Point of North Wales,North Wales,PA,3.0,169,Breakfast & Brunch,True,True,False,'free',40.2101961875,-75.2236385919
tiVQ9_qoatNn--ITbMWRpA,RJ's Bagels,Yardley,PA,4.0,41,Bagels,,,,,40.201773,-74.820914
6WJ-dFE9axF2o55NQWrNgA,Tinker Coffee,Indianapolis,IN,3.5,10,Coffee & Tea,,,,,39.7148812,-86.2974891
pEYs1oVeJ6YM2SG5WEr5Pg,Burger Theory,Indianapolis,IN,4.0,86,Burgers,True,True,False,u'free',39.675040703,-86.3103263801
-3-6BB10tIWNKGEF0Es2BA,The 81 Hong Kong Cafe,Tucson,AZ,4.0,133,Coffee & Tea,True,False,True,u'free',32.2885403,-110.9631443
78e90HO_R40SyzBr4fnHSA,Primanti Bros - Indianapolis,Indianapolis,IN,3.5,221,American (New),True,True,False,'free',39.7655226364,-86.1597495695
J1duow_JpO47UuqnrY_LaA,Little Caesars Pizza,Tucson,AZ,2.0,10,Pizza,True,False,False,,32.1322587,-110.9993545
zhFKtchGIpRTfOZSpm4Zvg,Capriotti's Sandwich Shop,Exton,PA,3.5,38,Sandwiches,True,True,False,u'no',40.0361194,-75.6286593294
nIE7ph1w_bttQMJQx5hUEQ,D-Town Bar & Grill,Dunedin,FL,3.0,91,Sports Bars,True,False,True,'free',28.0192509782,-82.774851719
hWETQd1m9UVNGyQ-iJhIbA,Sangarlo's Pizza,Brooklawn,NJ,2.5,7,Italian,True,False,False,'no',39.877995,-75.123293
N7wYxm84QtcqTJZfGWpxzw,McDonald's,Franklin,TN,2.5,24,Fast Food,True,False,False,'free',35.9453792141,-86.8237428367
yjYNk2K77o34anIhS4zJyg,McAlister's Deli,Fenton,MO,3.5,46,Salad,True,True,True,u'free',38.5033740941,-90.4449900528
xxxL7I3hGCEymNlYLXUyBA,Subway,Reno,NV,2.0,5,Sandwiches,False,False,False,u'no',39.5302163,-119.8199067
KAZ2Z3831eb5lHtUDKa8kA,Saladworks,Philadelphia,PA,3.5,8,Salad,True,,False,'no',39.9557501,-75.1819889
cLlBDZxYJ1dt1JgMuZnXew,Olly,Philadelphia,PA,4.0,51,Pizza,False,False,False,u'no',39.9408776,-75.1511064
OMSEg2rW-yVtE0OspyEvkg,Cup of Corn,Indianapolis,IN,5.0,6,Food Stands,False,False,False,'no',39.7658967805,-86.1593370796
k7oZJB7BSx37e-masOmiLQ,Hattie Jane's Creamery,Nashville,TN,4.5,7,Ice Cream & Frozen Yogurt,,,,,36.1601939,-86.779742
S3WazoxfO3euuvQUOJRlFA,Subway,Tucson,AZ,3.5,6,Fast Food,True,,False,,32.3435651,-111.0132429
aqubLw9IW03svL_uDXNJ8A,McDonald's,Florissant,MO,1.5,11,Burgers,True,False,False,u'free',38.8107873585,-90.2969466057
WJIc6ZlR-pd9W-Vt-rRtzA,Anani Bistro,Gulfport,FL,4.5,17,American (New),False,True,False,u'free',27.7389646,-82.7075848
V5KiEoH4E86GA2S3RQkf1g,Spice Grill,Philadelphia,PA,3.5,12,Chinese,True,False,False,u'no',39.9862724,-75.094699
MMRRS6YhVRx_iN5-JhMRYg,Han Dynasty,Philadelphia,PA,4.0,783,Chinese,True,None,True,u'no',39.9567105161,-75.1971027811
-2Axhv9AZ_n7qjQefECpVw,Greek Sotir Grill,Hermitage,TN,3.5,21,Greek,True,False,True,,36.2166079,-86.5963643
F_wIC6i5y4zdQyp99R7PdQ,Blueberry Hill Pancake House,Indianapolis,IN,3.5,101,American (Traditional),True,False,True,u'free',39.7723413,-86.0279803
1sXN7Oxteo5dP5nwIDyO4w,Mainland Grille,Harleysville,PA,3.5,27,Burgers,True,False,True,u'free',40.2482605,-75.3609391
4BVjCMSKc4eJGfJldPB_hA,Fired Up BBQ,Edmonton,AB,3.5,53,Soul Food,True,False,False,u'no',53.498819,-113.486856
icp_IKE9zIkAqAucyS1vTA,Hakka Beef House,Philadelphia,PA,4.5,33,Chinese,True,False,,'free',39.9554945,-75.1552563
XsWie3lnpO69zJgBVgPnaA,Ristorante Primavera of Wayne,Wayne,PA,2.5,12,Italian,False,False,True,u'no',40.044043,-75.399023
SNYpn2BdTbz8QrrfH8rvdw,Wawa,Bala Cynwyd,PA,2.0,12,Sandwiches,True,False,False,'free',40.0185596288,-75.2403088108
JVekj-AqcU46mg7rzN_nOg,Oceanos Restaurant,West Berlin,NJ,3.5,32,Diners,True,False,True,'no',39.8130665,-74.9442129
cGa8ySpfmtfQKPkHJKHnUw,Michael's Family Restaurant,Montgomeryville,PA,3.0,81,Breakfast & Brunch,True,False,False,'free',40.2501979,-75.2450803
vol4SJXerqyi3IEIDucVRQ,Hilldale Kitchen,Darby,PA,3.5,9,Beer Bar,True,False,False,u'no',39.9195287,-75.2657251
CILklubZslDuVUMh2c55_A,Pizza Hut,Metairie,LA,2.5,17,Pizza,True,False,False,'no',29.9973903816,-90.2184122801
SZgkdhd837HkbtVFVmSMXw,Guido's Italian Restaurant,Spring Hill,FL,3.5,128,Pizza,True,True,True,u'no',28.4918471,-82.5973869
LgiAzhOqrzl95NNRLziH2A,3 Agaves Mexican Restaurant & Cantina,Avon,IN,4.0,50,Tex-Mex,True,True,,,39.7642463948,-86.3839582
ov-hBIrfk_f1_UdKzu_Nrw,Sulas,Tampa,FL,4.0,7,Cuban,False,True,,,27.9602066,-82.4414592
8uF-bhJFgT4Tn6DTb27viA,District Donuts Sliders Brew,New Orleans,LA,4.5,2062,Donuts,True,True,False,u'free',29.9294259,-90.0770687
g_nLH7QGP3_l1eE-7JWhwA,Smees Alaskan Fish Bar & Marketplace,Reno,NV,4.5,97,Seafood,False,True,False,u'no',39.4742257,-119.7795102
44FugwIywDjD6TwSESAmkw,QuikTrip,St Louis,MO,4.5,5,Automotive,False,,,,38.5119857,-90.3191137
7biQIoyOEMcBGUw106UeOQ,Domino's Pizza,Morrisville,PA,1.5,31,Sandwiches,True,,,,40.20841,-74.799468
YdeBit_K6FQ7ye1bNtDm2A,Jack's Pizza,Indianapolis,IN,2.5,7,Pizza,True,None,False,,39.7675323486,-86.1560058594
151ujtgcbkGzAHUnctSg4w,Faculty Club,Edmonton,AB,4.0,13,Event Planning & Services,False,True,True,u'free',53.5300382,-113.5283787
5XSJImk924zdVk16cw8Jgg,JB's Bar & Grill,Metairie,LA,3.5,7,Dive Bars,False,False,False,,29.9878551,-90.1300121
p21PCK17H3WL56KSr4Ykig,ABC Pizza House,Tampa,FL,4.0,121,Pizza,True,False,False,'no',27.99554,-82.4743805
TI2EOpvaPbDEg1gz3GGqXA,Crystal BBQ,Edmonton,AB,2.5,5,Barbeque,True,False,True,,53.5432079,-113.4842434
f8xDi3rajxvIqS73N93Afw,Guavaberry Foods & Drinks ,Philadelphia,PA,4.0,13,Delis,True,False,False,u'free',39.938371,-75.1501031
Rl7W2JPAUWFo2ZZdVeGAWA,Koffee Korner Cafe,Lansdale,PA,3.5,59,Coffee & Tea,False,False,False,u'no',40.2419927,-75.2829764
Llu8_Lx2DFthmr99_eiOLA,Wei Hong Bakery & Restaurant,Saint Louis,MO,4.0,135,Bakeries,False,False,False,u'no',38.6002991,-90.2429828
3n_G-_DwOJ2VS4uGxBN6sg,Lan Zhou Lamen,Tampa,FL,4.0,78,Chinese,None,,,,28.0554349,-82.4292524
A0F-h3xJm_6gHDKcDQwSrQ,Capogiro Gelato,Philadelphia,PA,4.0,252,Pizza,False,True,False,u'free',39.9541715545,-75.2013800841
NyV_2EGhs-YHYYVmZRYmOQ,McDonald's,Woodstown,NJ,1.5,14,Coffee & Tea,True,False,False,u'free',39.6470143366,-75.3344234117
q3AbKPlzrqbUh8tz26vsdQ,Wendy's,Belleville,IL,2.0,7,Fast Food,True,,,,38.5293592,-90.0356064
ymoEdJB5NE56sWw74uyX7A,Sushi Bar,Indianapolis,IN,4.0,346,Sushi Bars,True,True,True,u'free',39.8694324,-86.1425102
4-y4Jj8hNuVIFktoYnm3-Q,Bella Pizzeria,Indianapolis,IN,3.0,66,Pizza,True,True,False,u'free',39.9108087,-86.1081565
mKZEuPNLVe4yRL0UfxFPTg,Season's Fresh,Tampa,FL,4.5,104,Modern European,True,True,True,u'free',28.0812683681,-82.4279611613
AODksDNj5mH953cyhUG1Qw,Thai 5 Fast Food,Tampa,FL,4.0,336,Laotian,True,True,False,u'free',27.9120596,-82.5057677
RWOqFGfUrdL60jOrtxmcGw,Osaka,Madeira Beach,FL,4.0,49,Sushi Bars,False,False,True,u'no',27.8020018,-82.8020813
tFpstYqxugKHzeyNUsuD_A,The Pint Room,Carmel,IN,4.0,423,American (Traditional),True,True,False,'free',39.9785056799,-86.1286025097
3y61A28PQDZ4weeeTRfIlA,Burger Study,Indianapolis,IN,4.0,441,Beer Bar,True,True,True,'free',39.7643833,-86.1588649
qONvIS94nZhXYm-jccXyuw,Top Hog,Gallatin,TN,4.5,140,Barbeque,False,True,False,'no',36.398778,-86.451974
sVWUxesVKseXGq78UwwajA,Steak ’n Shake,Port Richey,FL,2.5,45,American (New),True,False,False,u'free',28.2899929559,-82.711233436
SPWyzJPFP2TT7x0BsqaBqQ,Chenango Restaurant & Bar,Philadelphia,PA,2.0,10,Barbeque,,True,True,,39.9664073,-75.1386733
Jn5nZ0b-cdBS2xHnF4msug,McDonald's,Belleville,IL,1.5,12,Fast Food,True,,False,u'free',38.544739774,-90.0519396365
Knt2mnsG15akKb9cjSiuxw,John's Seafood,Philadelphia,PA,3.0,9,Seafood,False,False,False,u'no',39.9709958,-75.1581617
Tt4byMYA7FvAkQ3MigcJWQ,Mojitos Rum Bar & Grill,New Orleans,LA,3.5,74,Caribbean,False,True,True,u'free',29.9618438,-90.0576285
SuQgcpL-aZeuyRjBdA0pHw,Samurai Japanese Restaurant,Rosemont,PA,3.5,69,Japanese,True,False,True,'no',40.0255409855,-75.3262319244
PVqNBGihp6yNv6HTQf7CjA,Arby's,Indianapolis,IN,3.5,10,Fast Food,True,False,False,,39.8255452,-86.2371468
ugSVRAKO6mxvsrElFg8USw,México Lindo,Philadelphia,PA,4.5,73,Mexican,True,False,False,'paid',39.926402,-75.1575374
mpVZG520RL-K1YeQi55ZPg,The Blarney Stone,Philadelphia,PA,3.5,46,Burgers,True,False,False,u'no',39.9548253,-75.2009783
73ZQXm26Mb4Pr-ibmeGk6Q,Burger King,Willow Grove,PA,2.0,15,Burgers,True,False,False,'free',40.1432439,-75.115404
ri7LOsk5W_xGVfxhXFHY5Q,Elbow Room Bar,Sparks,NV,4.0,12,Dive Bars,,False,False,u'free',39.5354969,-119.7707084
wnjFEC-w0qWnyDnO8k1RpA,Nectar Urban Cantina,Nashville,TN,4.5,390,Coffee & Tea,None,True,False,u'free',36.16813138,-86.6804685
KZ5w1iPH1bSnf-wBEYgtQQ,Rice Bowl Deluxe,Edmonton,AB,3.0,5,Asian Fusion,True,,False,,53.5216024,-113.5785097
YCwWrnOh8qUmQbgQ4p02AA,Alfredo's Pizza,Broomall,PA,4.5,79,Pizza,True,False,False,u'no',39.9829917462,-75.3714380349
qmxmUc4xzNt3ogaZLH8Eiw,Versi Vino,Maple Shade,NJ,5.0,60,American (New),False,True,True,u'free',39.9422608,-74.9955305
SjLYEsv94TjmSjG2Fc2piQ,Pizzarella Grille,Bryn Mawr,PA,3.5,58,Pizza,True,False,True,'free',40.02132,-75.32528
VKFWX_Cd7cTiV3_RPdcXPw,Bamboo Oriental Cuisine,La Vergne,TN,3.5,5,Thai,True,False,False,u'free',36.011712,-86.5934286
duf2PORLOL6it1dTGhSnKA,Junes Breakfast,Philadelphia,PA,2.5,20,Breakfast & Brunch,False,False,False,u'no',39.9850064107,-75.246888042
Yh4OgbXQSpQ_ycK_FmNiGw,Suis Generis,New Orleans,LA,4.0,100,American (New),True,True,False,u'no',29.9649909096,-90.0426163126
30AVuTNSizwqPQO0JtSrAQ,Cake & Flower Shoppe,Reno,NV,3.5,5,Shopping,,,,,39.530358,-119.821694
1lC4dy6jlB2tBdBWbocO7Q,Wendy's,Largo,FL,2.0,22,Fast Food,True,True,False,'free',27.8790638,-82.8327419
U8jSYiECyAljqTL2U1ERGw,Bamboo House of Noodle Soups,West Chester,PA,4.0,52,Vietnamese,False,False,True,u'no',39.965781755,-75.5275749265
utReYPKNKwb15UytLOr-Xw,Newtown Bagel,Newtown,PA,3.0,63,Bagels,True,False,False,u'free',40.2289953,-74.9410147
2Q1R2OhBbAQ581vK_r7NhA,Ooka Restaurant,Willow Grove,PA,4.0,394,Sushi Bars,False,False,True,u'no',40.1566693,-75.121837
uE05fHI5V2ZWi5Uo9-hwqQ,Burger Bar,Edmonton,AB,2.5,5,Burgers,False,,False,'free',53.547509438,-113.528724622
fsPqRDDG2igV63nP89xWUA,Concord Steaks,Chadds Ford,PA,3.5,33,Pizza,True,True,False,u'free',39.852706,-75.539011
dDn_NVOQh9F-t153S035Ew,Rice Box,Goodlettsville,TN,4.0,67,Japanese,False,False,False,'free',36.3265562,-86.6993617
9MHe5jAym2d8VhT_NbCRyw,Bamboo House,Indianapolis,IN,2.5,49,Chinese,True,False,False,u'no',39.6933755014,-86.07983582
zSqTndm5Alq9dW1PyzbdTA,Grand Isle,New Orleans,LA,4.0,588,Seafood,True,True,True,u'free',29.9475671,-90.0651152
hr9RXMri_BltL2jJDO-15w,Bitter Sweet,Indianapolis,IN,4.5,27,Mediterranean,False,False,False,,39.7706855,-86.0721582
jAGzl-N2GINB_wK87bjoVA,RJS Tacos & Burritos,Indianapolis,IN,4.0,42,Mexican,True,False,False,'free',39.7826835,-86.0464533
iDGohK_mkqnAfLeWC4P4TQ,51st Deli,Nashville,TN,4.5,164,Mexican,True,True,False,u'no',36.1619072,-86.84887
Ahwed4jRpXhmSCkcLL7FOw,Moe's Southwest Grill,Brentwood,TN,3.0,48,Mexican,True,True,False,u'free',36.0371204933,-86.7983664088
MtZrHienTC6EnKDEGu6AzA,Medium Rare Carnivore Club,Edmonton,AB,3.5,5,Steakhouses,,,,,53.3981447,-113.5694847
OAkcBAwedonnwT3Wf_DqTw,Parks Place Pub,Fishers,IN,4.0,52,Casinos,False,True,,,39.9571476,-86.0180566
NcO-pWiZmNM5zBg8H9zB6Q,La Tavola Ristorante Italiano,Smyrna,TN,4.0,191,Pizza,True,True,True,u'free',35.9811081,-86.5193323
d-37SrSuOew0uqwuOM_w7w,Thai Fusion,Indianapolis,IN,4.0,58,Thai,True,False,False,u'free',39.77881,-86.325932
PfKuhGC46pQjnKgQnts-mA,The Night Owl,Nashville,TN,4.5,15,Arts & Entertainment,False,False,False,u'free',36.082922,-86.7228315
y7ZMH724MaQMW3yn5QbtiQ,Papa Murphy's,Boise,ID,2.5,16,Pizza,True,,False,u'no',43.5457571331,-116.3156733289
wtaBPP6fCHU4nvar9fKeuQ,"Chuck Lager, America's Tavern",Barrington,NJ,4.0,25,Event Planning & Services,True,True,True,,39.8725486282,-75.0463546729
qejPFPUKiIXvHJ4BirgLUw,Rally's,New Orleans,LA,1.5,13,Burgers,True,True,False,u'no',29.9452593,-90.0906756
YWcH3SLyRIBHIBBgudqZLw,Taco Bell,Cahokia,IL,1.5,8,Fast Food,True,,False,u'free',38.5532348,-90.1661599
yH0ON2BtV52JXxWdZy7Psg,Flat Tire Diner,Old Hickory,TN,4.5,71,American (Traditional),False,False,,,36.202711,-86.621012
bKppmYKQ_-9cpp2yziB-Qw,Lincoln Chicken Pizza And Grill,Philadelphia,PA,2.5,20,Cheesesteaks,True,False,False,,39.9738754,-75.1794242
-PFZiUpnk6DKtz2PpeFbHQ,Kenny Bob's Bar-B-Que,Greenbrier,TN,5.0,7,Caterers,False,True,False,u'free',36.432644,-86.806473
tiEkH6TbOQMZHRo46rmdTA,Denim byob,Haddonfield,NJ,4.5,149,American (Traditional),True,True,True,u'free',39.896842,-75.033414
4ZVApGFcZ-mPVGKqZWRqvg,Pizza Hut,New Orleans,LA,2.5,12,Chicken Wings,True,False,False,,30.0267602,-89.9933138
OyHbS1sJ4CguExlWa-XWDg,Red Lobster,Metairie,LA,2.5,122,American (Traditional),True,False,True,u'free',30.0074264,-90.155475
DZdE09qqCcX7Atf3Df7Yqg,The Urban Juicer,Nashville,TN,3.5,27,Breakfast & Brunch,True,True,False,'free',36.1521963,-86.8351768
LwVhbEy_SHse2G_P2JXMyg,Mo' Bettahs Hawaiian Style Food,Meridian,ID,4.0,109,Steakhouses,True,,,,43.6028922,-116.3539042
EK4lynYPnlI_dqvWDVaOfw,Little Caesar's Pizza,Indianapolis,IN,3.0,7,Pizza,,,False,,39.695689,-86.0833906
o6jfwLREaGy1mwAEybjOkg,Stefano Greek Italian Restaurant,Tampa,FL,4.0,106,Desserts,False,False,True,'no',28.0280199569,-82.393829897
K8b2MQ5Az59-nzvqUfjJEQ,The Farm and Fisherman,Philadelphia,PA,4.0,234,American (New),False,False,True,u'no',39.944935,-75.1606759
D_sIoGDRaLJv0DAIc46MMA,Ruby Slipper Cafe,Metairie,LA,4.5,347,Breakfast & Brunch,True,True,False,u'no',29.9793408,-90.1520954
UKA2eeAZmO4ACB2J0kFISw,Panda Express,Reno,NV,2.5,86,Fast Food,True,True,False,'no',39.4749646908,-119.7922227358
k8cv3Hnu69lGuf0mo1MOTQ,Murphy's Bar & Grill,Saint Louis,MO,4.0,12,American (Traditional),False,,False,u'no',38.6819249293,-90.4754887041
Uuzewy2CLg_XCekRhA0PIg,The Comedy Bar,Nashville,TN,4.5,6,Pizza,False,True,,,36.1624045,-86.774979
0fYRCLVFWte0uo-1W7gJGQ,Hōru Sushi Kitchen,Nashville,TN,5.0,8,Sushi Bars,True,,,,36.1607338108,-86.7797130577
zBHAoHU-SD7wECkKpTGImg,First Watch,Oldsmar,FL,4.0,93,American (Traditional),True,True,None,u'free',28.0449208,-82.68053
0sEQcUD5WEdwBJBXavafHA,Pina's Pizzaria,Chalfont,PA,4.0,26,Pizza,True,True,True,,40.2902135,-75.1997474
Z5C4q4mouUojigDmCRuG8w,Taste of China,Whiteland,IN,4.0,21,Chinese,None,False,,,39.563839865,-86.0917538235
kgywEv9dQHcvEAu741y3RQ,New Bamboo Garden,Sewell,NJ,4.0,34,Seafood,True,,False,,39.7338119,-75.0638068
gu9H6XoryCn07BfPsSdeSw,The Sweet Taco,Springfield,PA,3.0,153,Donuts,False,False,None,u'free',39.9357331,-75.3516435
hXBeTdtREKEMT2FMmzRPhQ,Steak & Pasta House,Reno,NV,4.0,59,Steakhouses,False,False,True,u'no',39.5267893,-119.8125674
LktIfbmd3k0kDiWibGw7DQ,Stacked Pickle - 96th Street,Indianapolis,IN,3.0,67,Chicken Wings,True,True,False,'free',39.9254897722,-86.0890453372
r9j3Ri3D2lqD2ToA49qmzg,Tarahumara,Saint Louis,MO,4.5,24,Latin American,False,False,False,'no',38.593755,-90.230831
bQKqeYwaHNal7JFAXzCMFg,Super Gyros,Belleville,IL,4.5,79,Fast Food,True,False,False,'no',38.5170210269,-89.9513851956
sNDXKUS14_xXdD0fJdw23g,Jimmy John's,Indianapolis,IN,3.5,14,Fast Food,True,False,False,u'no',39.880535,-86.271365
JNH-hcySeuGmtI_t8dG3Dw,Del Rose Cafe,Wilmington,DE,4.0,8,Italian,False,True,False,,39.758506,-75.5626773
s55Hw6gHhQzZctinFhPu-g,Urban Eatery,Philadelphia,PA,2.0,9,Food Court,,,,,39.9570681,-75.1916189
AIuczSOGI3zX0kwGxtPApg,Romano's Macaroni Grill,Boise,ID,2.5,10,Italian,False,False,True,,43.6137667,-116.283518
ksYIjXG5NPN5xtzJPu2uNg,Senora's Authentic Mexican Cuisine,West Chester,PA,4.0,24,Caterers,False,False,True,'no',39.9642854,-75.596811
JeoIxdzt5E3QXT1KHXR2oA,JB'S Island Cafe,Clearwater,FL,4.0,37,Sandwiches,False,True,False,u'free',27.9796975,-82.8266376
n6dw_zxL_4cVO6EP_m0joQ,Dragon House,Philadelphia,PA,4.0,5,Chinese,,,,,39.9503586,-75.1615836
vySR6o-5WaiIrQHeRCnhvQ,Alexander's Restaurant & Lounge,Saint Louis,MO,2.5,7,American (Traditional),False,,True,,38.6470378,-90.3364028
t03mAErURyb_wsZuy7lo5Q,St. Philip’s Plaza,Tucson,AZ,4.5,19,Shopping,,,,,32.285634,-110.94289
mjfCi5RzOab2i3oIS7MqnA,Casa Honduras,New Orleans,LA,3.0,16,Latin American,False,False,True,'free',30.0283329774,-89.9928790703
Fbq_tc6W5uNmQNrInXpd5w,6 North Cafe,Ballwin,MO,4.0,91,Cafes,False,True,False,u'free',38.6204937228,-90.5252278585
wDwK7Im_rXO5nVeQn4lc3g,Hot Stuff Spicy Chicken and Fish,Antioch,TN,3.5,129,Seafood,True,False,False,u'no',36.047285,-86.676227
UUOOjXAyk7dBpwTtKCnwyg,Casita Taqueria,Saint Petersburg,FL,4.5,103,Mexican,True,True,False,u'no',27.796819,-82.638827
AFIkxCPqO7613NHEIL8abQ,Heritage's,Swedesboro,NJ,4.5,5,Breakfast & Brunch,True,None,False,,39.758093559,-75.3556783333
x6kJFqKHkqtQdmZH3B0GSA,Whitt's Barbecue - Hermitage,Hermitage,TN,4.0,9,Barbeque,True,False,False,,36.2138107457,-86.5973552091
76x9L8ZBoF4skcNP8wx4nw,Hirois Ocean Grill,Clearwater,FL,4.0,6,Japanese,False,False,False,u'no',28.0163208421,-82.7355802059
ZLW8u1n776S7maN4KhN6jg,Riffs Cafe at Highland Ridge,Nashville,TN,4.0,18,Cafes,False,False,False,u'free',36.1482979,-86.689828
agTcS5LYZJe4gNiXK6nNkw,Buca D’Oro ,Philadelphia,PA,4.0,5,Italian,False,True,,,39.9470772078,-75.1541655511
Xsvi9wYhD7u5XrK2EKDd8w,Five Star Pizza,Tampa,FL,4.0,95,Pizza,True,True,False,'no',28.0481913,-82.3942796
z3MQ4dmYICABaayF66NV3A,Quiznos,Reno,NV,3.5,32,Sandwiches,True,True,True,u'no',39.5571203,-119.7826597
Uq1o6DXKALmjdElXp4mEtQ,Capricho’s,Tampa,FL,5.0,8,Breakfast & Brunch,None,,,,28.033191048,-82.4076666194
ypp08ewHqQ-zmdTnG8qOAw,New Dragon Express,Edmonton,AB,2.5,14,Chinese,True,False,True,,53.533629,-113.627752
l1gRtJfoYe4LDFeKM9kWkQ,A Stone's Throw,Brownsburg,IN,2.5,15,Gastropubs,True,True,True,'free',39.8432006836,-86.3979415894
51pgAUQ6aIdZEfSXiG39VQ,Prodigy Burger & Bar,Indianapolis,IN,3.0,48,American (New),True,True,,,39.6361025,-86.1576094
GZdflq6wvOXyOtSFThqNmA,Corner Cafe,Royersford,PA,2.5,30,Coffee & Tea,False,True,False,'no',40.196183,-75.53241
JkyEYN3pCk1B7qRuXAUX4g,Ann's Market,Eddystone,PA,4.0,5,Delis,,,,,39.859732246,-75.3426356432
laV1qL3qhGFOfkPbHo3SVQ,Joe Boccardi's Ristorante,Fenton,MO,3.5,40,Chicken Wings,True,False,True,u'no',38.5223473,-90.4727923
qq4Zc5y76vfCxQQy4CLfrA,The Casino Grill,Reno,NV,4.0,38,American (Traditional),False,None,False,,39.5267893,-119.8125674
2rQFgavS-942RapZTBSBTw,Gullifty's Restaurant,Bryn Mawr,PA,3.0,270,Italian,True,True,True,u'free',40.025857,-75.325628
s4VzQaUCrgwPuViQYOqC2w,Ranch House Restaurant,Tampa,FL,3.5,39,Coffee & Tea,True,False,True,u'free',27.9962535,-82.5670403
xkYOPbA8AL4jcQIN3xveoQ,The Big Cheezy,Kenner,LA,4.0,154,American (Traditional),True,False,False,'free',30.0154233,-90.2392351
eaJCpC6IhYphj7bwCDHTwQ,Three Brothers Coffee,Nashville,TN,4.5,249,Bagels,True,False,False,u'free',36.1448084,-86.8122664
3bmrxhqVpB5XCg-4j6y39A,McDonald's,Belleville,IL,1.5,19,Coffee & Tea,True,False,False,u'free',38.5175290922,-89.9490435503
LPWkWjR-K21nikUxQtQNtg,Hardee's,Indianapolis,IN,2.0,11,Fast Food,True,,False,,39.6507829,-86.1578281
lDodrtH6kNgSCYpxr_E3-A,McAlister's Deli,Metairie,LA,2.5,70,Delis,True,True,False,'free',29.9754518653,-90.1512057111
98mYebjHN_VXZapVm8Nmqg,SWEGS Kitchen - Mid-City,New Orleans,LA,4.0,67,Cafes,True,False,False,u'free',29.9760651,-90.0996259
Zk_GdMMPgEfKUECCxAxvwQ,Pho Nam Giang,Philadelphia,PA,4.5,23,Chinese,True,False,,u'free',40.0860776,-74.9648083509
_Co6_3dVnerzFLSe2s4W9Q,Bobby Chez Crabcakes,Cherry Hill,NJ,3.5,30,Seafood,True,True,False,,39.8996609,-74.9532997
OUuUc_qERdvTrnpj1vSLaw,Taco Del Mar,New Orleans,LA,3.5,16,Mexican,False,False,False,u'free',29.9835239,-90.1052542
mO64LdUgN5DiXst7Wagq3w,The Wacked Out Weiner New Orleans,New Orleans,LA,4.5,21,Hot Dogs,True,True,False,u'free',29.96037,-90.112916
SKW1zA4nY_SPKkQPmXNHoA,Toppers Pizza,Carmel,IN,3.5,70,Pizza,True,False,False,u'no',39.9708157,-86.1557213
K7rsFcHcO_LYrgWvTAik2w,Shep's Delicatessen,Nashville,TN,3.5,134,Delis,True,True,False,u'free',36.1780018,-86.7508693
QMaXUlBsA0SLiYZOzDAjVQ,Nam Kitchen Express,Edmonton,AB,4.0,13,Vietnamese,True,False,False,'no',53.6001157,-113.4858681
ZpXZgnBrNodHH8pKpOK_Kg,Jesse's Steak and Seafood,Brandon,FL,4.0,267,Sandwiches,False,False,False,u'no',27.9381358,-82.2920736
BiEnQa8rVNtdCzuqOcQoQw,Pizza Hut,Eagle,ID,2.5,6,Pizza,True,False,False,,43.6913687,-116.3529288769
PxEiXqMAzzvp8GFlb5EoLg,Grain Exchange,Philadelphia,PA,3.5,239,American (New),True,True,False,u'no',40.059508,-75.190838
5pCDh3Tq3WzQau79hfJbsA,Brooklyn Pizza & Cafe,Nashville,TN,3.5,69,Chicken Wings,True,None,False,u'free',36.1193788,-86.748865
xXMVuzrWa9Eg3bSDXehODA,Musus' Kitchen,Levittown,PA,4.0,6,African,,,,,40.1323375,-74.88436
3y8D2L-UXCtj_n9hRd7g1g,Yianni's Backyard,Edmonton,AB,4.5,5,Greek,False,False,True,,53.4924394999,-113.4981340332
bGB4Xa2BPe2eDhXHVWQPHA,Phamous Phil's Bbq At The Main Street Inn,East Greenville,PA,3.5,5,Barbeque,False,False,True,u'no',40.3717723616,-75.482526359
rc4nXqvuHmqM5JDnKxS5LA,Key West Shrimp Company,St Pete Beach,FL,4.0,32,Grocery,True,,False,u'free',27.740791,-82.750265
hkh5iyDeGLNhu-JUQFRE1Q,Royal Sonesta New Orleans,New Orleans,LA,3.5,492,Event Planning & Services,False,True,True,u'free',29.9557609,-90.0678872
89COhCW-cAD5-fTXPfXYTw,Strange Donuts,Maplewood,MO,3.5,352,Donuts,True,False,False,u'no',38.612197,-90.320003
tUDZnYQe7aD2VU3Syia_RQ,The Nations Bar & Grill,Nashville,TN,3.5,45,Dive Bars,False,True,False,u'free',36.1556569,-86.849056
j8NhrBzy1op0BfVGdSOiXQ,The Creperie Cafe,Boise,ID,3.5,131,Creperies,True,True,False,u'free',43.588937,-116.278166
Sy4FzB7QviY06JymSB211Q,Kasai Sushi Bars & Kitchen,Fishers,IN,5.0,20,Asian Fusion,,,,,39.9497208,-86.0418264
UCMSWPqzXjd7QHq7v8PJjQ,Prep & Pastry,Tucson,AZ,4.5,2126,Cocktail Bars,True,True,False,u'free',32.25552801,-110.94349236
3Z59UMun90xRiSU1XX8rhQ,Asian Taste Inn,Huntingdon Valley,PA,4.0,61,Asian Fusion,False,False,True,u'no',40.170447,-75.073694
-Lfib0jjHweCly1-FLM_og,Sidelines Grill,Ashland City,TN,3.0,39,American (New),False,True,False,u'no',36.250434,-87.035458
kpK6SmxIiNoGPNhlEGiL4w,Trattoria Marcella,Saint Louis,MO,4.5,383,Italian,False,True,True,u'no',38.597361,-90.300388
1_hDCN3iioFR3XnUr32ZtA,Dooners,Saint Petersburg,FL,3.5,109,Fast Food,True,True,False,u'free',27.7718011011,-82.6369077739
xCbhjDqmrCrP1qK4DADu8g,Kul's Bar & Grill,Clearwater,FL,3.0,6,American (Traditional),False,True,True,u'free',27.8952690666,-82.7115350796
RG4FoRw0vjzrCjMl4Apk4A,Salty Shamrock Fishing Charters and Events,Apollo Beach,FL,4.0,12,Seafood,,,,,27.7748077067,-82.4093934149
ZoV8kXQopyz24dJBlFByRA,Imo's Pizza,Saint Louis,MO,3.0,10,Professional Services,True,,,,38.6351181745,-90.202189855
mY02hIpeZSVCaWObvvyECA,The Good Pie,Saint Louis,MO,4.0,126,Pizza,False,True,False,u'no',38.6357301,-90.2249506
YKpZ2Ml0NZoYZ5eb3r_Cdg,Valentine's Restaurant,Freeburg,IL,4.0,30,Steakhouses,False,False,True,'no',38.4242058,-89.9087975
NvJg4ysrB7J0hrsb2A0gUg,Jack In the Box,Nashville,TN,3.0,7,Burgers,False,False,False,,36.1822890122,-86.6399734326
sy85YVw1d56ABqhXF-Y14g,Godavari,Brentwood,TN,3.5,32,Buffets,True,False,False,'no',36.0362772,-86.7892595
sU0eYd56_QArBBBlULxQaQ,Mayfield Veterinary Hospital,Edmonton,AB,5.0,8,Pets,,,,,53.551715,-113.6100702
OIES_WhdNux3PmvSuPM-8Q,Toki Sushi,Tampa,FL,4.0,106,Japanese,False,False,True,u'no',28.0774196,-82.5059947
-kAaeJxXCtLNAo3DosoXXA,The Burg Diner,Saint Petersburg,FL,4.0,109,Diners,False,False,False,'no',27.7988788,-82.7003544
84gj5tMd_gxn9_rZBLmEIw,China Garden Restaurant,Bryn Mawr,PA,3.0,12,Chinese,True,False,False,u'no',40.0253454,-75.3373564
FOuKoFiRWDqV_asEJfDqDQ,Sky City Cafe,Indianapolis,IN,4.0,18,American (Traditional),False,True,False,,39.7685515,-86.1677919
qJ7OD1wm5JdRo4WxWR51Hg,Tarshishi's New York Style Deli,Burlington,NJ,4.0,6,Delis,True,False,False,,40.0387076,-74.8287389
3_kZ2pDiKJLZ9kGKKOWqdA,McDonald's,Eddystone,PA,2.5,15,Fast Food,True,None,False,u'free',39.8658758188,-75.3417693079
1JxSgUivApwcRYFnXw23cQ,Natura Cafe Nashville,Nashville,TN,3.0,5,Cafes,False,True,False,u'free',36.1642022,-86.7789669
J1pqZt0WWCL8cOt0eixBEw,Alvarez  Authentic Latin Food,Land O' Lakes,FL,4.5,51,Tacos,False,True,False,'no',28.2699738723,-82.4808749557
sqCUiy9gTgfROmjX6KOHXA,Rosa Pizza,Ewing Township,NJ,2.5,10,Pizza,True,,,,40.2507665,-74.7783937
_zU8uJthn3o5swP0LmfuqQ,Dots Diner - Williams Blvd.,Kenner,LA,4.5,234,Diners,True,False,False,u'free',29.997378,-90.241623
w0zKpH49tW6Y-b6ZJzKMFw,Chuck's Alibi,Philadelphia,PA,2.0,76,Seafood,None,False,True,u'free',40.061417,-75.0833451
bRhnVTfuxDchyFguyDzuDQ,Queen Sushi,Glenside,PA,3.5,76,Sushi Bars,True,False,False,u'no',40.1061425402,-75.1469280362
tP9Sn0KzL2GzImUGchXYMQ,Ishtar Market and Restaurant,Boise,ID,4.5,80,Middle Eastern,False,False,False,u'no',43.5903599,-116.2375654
zQ4yPiqoyMtoohGpEip7zw,The Growler Guys,Reno,NV,4.0,75,Breweries,True,True,,u'free',39.4562814,-119.7774657
NJklz8-5L5NVGAkFITHzpQ,Norm's Place Amish Market and Restaurant,Mount Juliet,TN,4.5,5,Cheese Shops,False,,False,'no',36.230996,-86.4756638
05CNVnCXcgfPbdz3R91d0A,Hanford & Son's Boudin and Cajun Meats,Harahan,LA,4.5,18,Cajun/Creole,True,,,,29.936883,-90.1974583
ZYlDRSuhC-97FyqsPg1KCA,Pacos Tacos Metairie,Metairie,LA,4.5,160,Mexican,True,True,,u'free',30.004915,-90.188874
WZgfBnIvBZ2B7OWkyiOPUA,Raley's,Reno,NV,3.0,27,Grocery,True,,,,39.4841296,-119.7464043
_ReMedGR8eDM5AgdRK0jCw,Shorty's Breakfast & Gourmet Deli,Clearwater,FL,4.5,68,Cuban,False,True,True,u'free',27.9519833,-82.829696
__Jhyl5p8bfnnYOGjwPtsg,Al-Sham Restaurant,Boise,ID,4.0,19,Arabic,False,,False,'free',43.5858828,-116.1837916
coQA2WS-e4RfsZYIgBKkaQ,Preachers BBQ,St. Petersburg,FL,3.5,5,Barbeque,False,False,,,27.7828863,-82.6386889
qt1o4H9O9lBwqf3K7GGFag,Jungle Bills Tiki Grill,Clearwater,FL,4.5,15,American (Traditional),False,True,False,u'free',27.9612023,-82.7147014
v5T1Q21TT1_S_aY_G8Mf-g,Mr. Baja Fish,Tucson,AZ,4.0,69,Seafood,True,False,False,,32.2873778,-110.9657056
w0lcP2ngFaUpBGi5yzlYDw,Yah Mon,Tampa,FL,4.5,697,Caribbean,True,None,True,u'free',27.9422145,-82.4629632
GgcvRnt5_z3NEC0D6vNncQ,Cafe Buenos Aires,Santa Barbara,CA,3.5,56,Argentine,False,True,True,,34.424829,-119.706032
Y70T1eClNnw_PlBkr1IHqg,Panda Express,Tucson,AZ,1.5,44,Chinese,True,True,False,'no',32.1342676,-110.9998502
N-CBZKO37y_WSUN7ZMNGkg,Taqueria El Pastorcito,Santa Barbara,CA,4.0,66,Mexican,None,False,False,'no',34.4397058,-119.7708382
TghRoAMx43V-9l7mH-SENg,Crabby Bills Clearwater Beach,Clearwater Beach,FL,3.5,408,Seafood,False,True,False,u'no',27.9770768,-82.8277495
eqNutOMnPqKa9QDAY6KfEw,J'aime French Bakery,Philadelphia,PA,4.5,310,Juice Bars & Smoothies,True,True,,u'free',39.948081,-75.1608093
_9JumTIHEQgTV9-gGe_TWg,Sligo,Glen Mills,PA,3.0,27,Pubs,False,True,True,u'free',39.8832511815,-75.5276414907
P7oAQxDu8rapFn8QY0nmyA,LesbiVeggies,Audubon ,NJ,4.5,52,Vegetarian,,,,u'free',39.893852132,-75.0719857
sfbg2kxnvKpmlIuCUas5TA,Lucky Wok Restaurant,Philadelphia,PA,2.5,6,Chinese,False,False,False,u'no',40.0342865,-75.1307075
Gg_9lJOk0I8HDOw-Vj8P5Q,Café Zupas,Boise,ID,3.0,75,Desserts,True,False,False,'free',43.6105374506,-116.1941686466
dwoqTu3q0D_T2UfT7cgHqw,Pia Urban Cafe & Market,Indianapolis,IN,5.0,40,Bagels,False,True,False,'free',39.7687205,-86.1153179
UGebrYgNZrMzbGbcI01JWA,Hiccups & Churroholic,Tampa,FL,4.5,108,Juice Bars & Smoothies,True,True,,,28.0645829885,-82.5057124
yP-93hQPe8q8a4D-HlP1dg,Rico’s Food Factory,Holiday,FL,5.0,6,Sandwiches,True,,,,28.1789028,-82.743308
L3u4I6wHtwMQJ-ZtvfrkkQ,McDonald's,Marana,AZ,1.5,36,Burgers,True,True,False,u'free',32.424583,-111.043025
K51bVqlGcpTMDK3-SDkBeQ,Panera Bread,Nashville,TN,2.5,80,Coffee & Tea,True,True,False,'free',36.1457641,-86.6682195
pym7c6ZFEtmoH16xN2ApBg,Katie's Restaurant & Bar,New Orleans,LA,4.5,1289,American (Traditional),True,True,True,u'no',29.9730943,-90.0959144
8cLbpSZOHnmzxzDNSBGQCA,About BBQ,Philadelphia,PA,4.0,14,Barbeque,False,False,True,u'free',39.9554168697,-75.1554945434
EjFp57Nd4bVgb5GNn-XnuA,Tokyo,Tampa,FL,3.5,155,Chinese,True,True,False,'no',27.9969683,-82.5701668
iPM6J0JxLjXZtExli1OBDA,Burger King,Marlton,NJ,2.5,8,Fast Food,False,False,False,,39.8928598,-74.9157392
cwSlDlrmK1qlOWH9zDuNKQ,Domino's Pizza,Marlton,NJ,3.5,24,Chicken Wings,True,False,False,,39.8953038,-74.9212882
9dGzGbNKLMP0_wOqI5GffQ,Jasmine Thai,Brandon,FL,4.0,195,Thai,True,False,True,u'no',27.9213164796,-82.3168221354
BVF9gWOAItS-781FlzGA_w,Tango Grill Nashville,Nashville,TN,5.0,10,Argentine,False,False,False,,36.0829465,-86.7023219
CB7nXPd5h_YLzcgfDo2DCg,Mike's Breakfast,Philadelphia,PA,3.0,15,Breakfast & Brunch,True,False,False,u'no',40.045729,-75.11891
dcpWZ6Yk_S0HqTlNBi8jiA,The Woodrack Cafe,Edmonton,AB,4.0,60,Coffee & Tea,False,False,False,u'free',53.5124378,-113.5120394
WzWBfCHurRUGpQuXkMnfow,Copa Cabana,Edmonton,AB,2.0,5,Latin American,False,False,,,53.5188479,-113.495416
Y2MuQoT_SpfzZxjn5JY7Ag,Whitts Barbecue,Franklin,TN,4.5,14,Event Planning & Services,True,False,False,,35.9148575,-86.8366202
Mnr3Qp-sPIpuIjKzENqxVg,Krab Kingz,Jennings,MO,2.5,18,Seafood,True,,,,38.7284109,-90.2760008
GoX9xsurR2_UNsJTzZVkjQ,Eggroll Queen Cafe,Chalfont,PA,4.0,29,Vietnamese,False,,,,40.2711832,-75.2236348
AmnnsJq4Pz1jJUFzHwtsOA,Chipotle Mexican Grill,Indianapolis,IN,3.0,65,Fast Food,True,True,False,'no',39.912878,-86.134275
9PJUTMsQQ48F-rDLwvu30w,Noble Hops,Tucson,AZ,3.0,28,American (New),,True,,,32.1202544,-110.937308
CPFKi2lZJazP6IdtCdDDyg,Coffeebar,Reno,NV,4.5,676,Coffee & Tea,True,True,False,u'free',39.5090563,-119.8149981
GTHXxbPypn7uWVQynK10sQ,Ruggieri's Pizza and More,Reno,NV,3.0,11,Italian,True,True,False,u'no',39.513781,-119.829137
5mgI6ZNWbWICn84OiRpczQ,Roundabout Market And Bistro,Reno,NV,4.0,10,Steakhouses,True,True,True,,39.5289369266,-119.9143981934
CBfW6HPqKP-46zadC1ktVw,Osborne Bi-Rite,Nashville,TN,3.5,6,Southern,False,,False,,36.1014833,-86.739948
nTZuJSfwCoNOyA1yS3rbOQ,The Silver Bough,Santa Barbara,CA,4.5,7,American (New),,,,,34.4212447,-119.640407
cOXVi0GEeQC6m8SN0Q522g,Sal & Pat's Pizza,Bellmawr,NJ,2.5,19,Cheesesteaks,True,,,,39.8683725,-75.0908092
5AOkxsg6UJQ_CoJTMBDUmQ,Ralph's on the Park,New Orleans,LA,4.0,299,American (New),False,True,True,u'free',29.983468,-90.098151
nGYXglmKHgUcovuTHIg6_A,Food Drunk Food Truck,New Orleans,LA,4.0,29,Event Planning & Services,False,,,,29.951066027,-90.0715321675
CS_GzUYlEPa6QHTRY224wQ,LongHorn Steakhouse,Norristown,PA,3.5,104,Barbeque,False,False,False,'free',40.1274771937,-75.4040751479
Jvmj49D0GGnvCpjN0LXqEg,Angie's Restaurant,Clearwater,FL,4.0,55,Breakfast & Brunch,False,False,False,'no',27.9654261,-82.796093
a7_KZUJknqRA4DHQ3j9ofA,Slowdown Grillpub,Aston,PA,3.0,60,Sports Bars,True,False,False,'no',39.8594186,-75.4271676
7enJKZ9W2Vkq62ryK28taQ,Brenda's On the Causeway,Dunedin,FL,4.0,62,American (New),False,False,False,u'free',28.0512415718,-82.7872824669
gABEjWGwhojrub_tXqE2uw,Global Quesadilla Company,Chesterfield,MO,3.5,146,American (New),True,False,False,u'no',38.6249339683,-90.516998
siwG4ZM7RjUDO52DI84m3w,Ray's Vegan Soul,St. Petersburg,FL,5.0,5,Soul Food,,,,,27.7676008,-82.6402915
7lwe7n-Yc-V9E_HfLAeylg,Pub & Kitchen,Philadelphia,PA,3.5,615,Pubs,True,True,True,u'no',39.9456566,-75.1747733
S6f2zH9m5FbQ-CQlbX8TAw,Muscle Maker Grill,Woodbury Heights,NJ,3.0,8,American (New),True,False,False,,39.8186891,-75.1616656
WtvENhqvWpjQtfe0OvUwSg,White Castle,Indianapolis,IN,2.5,20,Fast Food,True,True,False,,39.7887342,-86.1596367
Y2jDVmMpRzQRg6HkNvQc8g,Smyrna Cafe,Smyrna,TN,4.0,184,Cafes,False,False,True,'no',35.9416454189,-86.5283457257
x1zvE33a3y4lSKnbCsaAUA,Starbucks,Cherry Hill,NJ,3.5,25,Coffee & Tea,,True,,u'free',39.863652,-74.965009
lsGZzXIJbjrWtcFGLAW5sw,AM@FM,Nashville,TN,4.0,41,American (New),False,True,False,u'no',36.169304,-86.788028
o4_cgIKWgvJ09TZeSzARmg,Quality Pizza,Philadelphia,PA,3.0,19,Pizza,True,False,False,,40.0509209,-75.094581
Bt7NBqA31uOI4H_hvasLLg,HORN'S EATERY,New Orleans,LA,4.0,597,Caterers,False,True,False,u'free',29.9653626508,-90.059115658
UNRqCfwvvcU7jdbvExbhDg,The Grog Grill,Bryn Mawr,PA,3.5,125,Irish Pub,True,False,True,u'free',40.0226217,-75.3202699
5m3ND7lNNd6zo-bNQGoXhQ,Three 12 Sport Bar and Lounge,Philadelphia,PA,2.5,33,Lounges,True,True,True,u'free',39.9499452,-75.146352
IDGg4Ax0iMYBtSKRP0tBbg,Germantown Pizza,Philadelphia,PA,3.0,20,Pizza,True,True,False,u'no',39.9742039,-75.1420764
pTpZS84EQhvZaxhq6SSWNw,Petite Clouet Cafe,New Orleans,LA,4.5,18,Sandwiches,,True,,u'free',29.963326,-90.0454062
Ims_IgNKoDts2FdFNROQJQ,Los Machetes Authentic Mexican Restaurant,Prospect Park,PA,4.0,55,Mexican,True,,True,,39.8812654,-75.3080321
c6GTImF01z981_BNJIye2g,Chef JJ's Back Yard,Indianapolis,IN,4.5,41,Event Planning & Services,False,True,True,u'free',39.870073,-86.139953
FrCrCAYKtczmCZBaOGvbDQ,Tommy's Good Eats,Saint Louis,MO,2.5,14,Sandwiches,True,False,False,,38.5781358,-90.2939053
QVbv447epxdOBOHK7loQPA,Island Breeze Cafe,Madison,TN,4.5,12,Caribbean,True,False,True,u'free',36.252601,-86.718393
7J81xJFlMM244_f05k2egw,Hammerheads Bar & Grille,Philadelphia,PA,2.5,15,Dive Bars,False,False,False,u'no',40.0374692,-75.0417837
ucUWdlN_j1xqq2h8Ul6Z5w,Billy Bob's,Harvey,LA,1.5,14,American (Traditional),False,True,,u'free',29.8874047,-90.0556895
MiMRlsXOpHJMSTDAuw8s1w,Su’s Bowl,Isla Vista,CA,3.5,18,Chinese,True,True,False,u'free',34.4129239,-119.8573375
V4lqQdll3_TAEtkrHDYbAA,Italia Pizza & Pasta,Goleta,CA,3.5,24,Italian,True,True,False,u'no',34.4427601,-119.8306695
lkJki8fwC_RX9819nzfkCA,Supremos,Willingboro Township,NJ,3.0,7,Italian,True,,False,,40.0496068,-74.8990296
8sakdo8WkCjhKj3Q4hhvSA,Firehouse Subs,Ballwin,MO,4.0,22,Sandwiches,True,True,False,'no',38.5929525,-90.5456403
0z-unL2UdJn40PYiou2bnQ,Manny's Sicilia Pizza,Palmyra,NJ,3.5,37,Italian,True,False,False,u'free',40.0039604,-75.0225524
pQ0WQwBPdpngQi_HdPYIag,Thai Thanee,Abington,PA,4.0,18,Thai,False,False,True,,40.127007,-75.116683
Tl24lMv2aCuLs4u45NquJQ,Lamberti's Tutti Toscani,Cherry Hill,NJ,4.5,163,Italian,True,True,False,u'no',39.8892184,-75.0168699
9XkgYvXhYibe85V6mNE_TQ,Winners Bar and Grill Nashville,Nashville,TN,3.0,102,American (Traditional),True,True,True,'free',36.1495917,-86.7968607
47PQER5Q4OVmQhVZGE5nJg,Mexico Tipico,Lebanon,IL,4.5,26,Mexican,False,True,False,,38.5987159,-89.8081851
DW4ST1K1QWMangu5pUROSQ,Pop Inn,Chalfont,PA,3.5,45,Hot Dogs,,True,,,40.285725,-75.208165
wuv3jE5Lc23TcfC70qu-Mg,Subway,Nashville,TN,1.5,8,Pizza,True,False,False,'no',36.1512071078,-86.6256467248
CXYlEb_u1Wf63-xGeVpo1g,Farm To Fork Eatery,Sherwood Park,AB,3.5,10,Canadian (New),,True,True,,53.5610335,-113.3188545
5fqP38clcV-paOJL74SuVA,Submarine Gyro Town,Tampa,FL,3.5,12,Greek,None,False,False,u'no',27.9822819,-82.3734122
aG8XkIE_TMkr_QKSfaFBBg,Café Aqui,Tucson,AZ,5.0,11,Coffee & Tea,,False,,u'no',32.2114127557,-110.9684149887
bN7KQSVbEmRVJnQEkl3vkw,Nicks Gyros and Subs,Tampa,FL,3.5,29,Sandwiches,False,False,False,'no',27.9958027,-82.4213829
oBhJuukGRqPVvYBfTkhuZA,Square 1682,Philadelphia,PA,3.5,385,American (New),True,True,True,u'free',39.9508011,-75.1686108
6NEUgs0UGi-sHKYFH7T-bA,Taqueria La Calpeña,Camden,NJ,4.5,11,Mexican,False,False,False,u'free',39.9488597,-75.0882396
iJn64rU6vapSp8uTjmshcA,Popeye's Louisana Kitchen,Morton,PA,1.5,8,Chicken Wings,True,,,,39.9172916,-75.331789
-eLCHvtz99fc985UNL1rTA,Outback Steakhouse,Indianapolis,IN,3.5,17,Steakhouses,False,False,False,,39.9117677,-86.2202697
gEltZpDpY54boc3SaerMtg,Irie Bay Cafe,Tampa,FL,3.5,16,Caribbean,False,False,False,'free',27.9430052,-82.3365132
e0aGg7U132XQRup2qa0Ztg,Archway Sandwich Shop,Philadelphia,PA,3.0,7,Delis,,,False,,39.9528017,-75.1533475
y3RXPIuqr5Q0lId1K9Ai2A,Burger King,Kenner,LA,1.5,19,Burgers,True,False,False,,30.0055382373,-90.2322953148
zoAZydP_v380Yydf-2u3hw,The Mobile Bistro,Tucson,AZ,5.0,5,Event Planning & Services,,,,,32.2196564,-110.9700832
RdCkOekwvalnr6krftX46g,Fratelli,Warrington,PA,3.0,8,Pizza,True,,False,,40.214962,-75.143244
LAOdChV60GwEJHE7UwDKyw,Frankie's Deli,Clearwater,FL,3.5,26,Delis,True,False,False,u'free',27.9898789,-82.7563766
WLLmkBjtN8mr2vWTU8aaCQ,sweetgreen,King Of Prussia,PA,3.5,91,Salad,True,False,False,'free',40.0888477047,-75.3892213351
7czFDmcXhqzcqvUnenNg6w,Cini,Saint Louis,MO,3.0,9,Fast Food,,True,,,38.6536500187,-90.3492353364
C1QkJ4s_p3hMTrvOgM7ssA,The Enerjuicer,Tampa,FL,3.5,122,Juice Bars & Smoothies,True,None,False,u'free',27.9451157,-82.4978944
F87os-6oNyUAEeGxQJKFkw,McLeod Tavern,Edmonton,AB,2.0,13,Canadian (New),False,False,True,'free',53.5427738,-113.4834765
kgeiJzWSiXPnf-3wx7LHIQ,Panera Bread,Meridian,ID,3.0,81,Sandwiches,True,True,False,u'free',43.6361060294,-116.3547924344
eL673KqwAGpJQ4z-MAaZ7Q,Kokoro Ramen,Cherry Hill,NJ,4.5,62,Japanese,True,False,,u'no',39.8893026822,-75.0162957925
dEpvByPMG0BZ3E9JOem0NQ,Boston Pizza,Beaumont,AB,3.0,10,Italian,True,True,True,,53.3628181,-113.4172044
8MWOCQFGPLcKeyDqdoriDA,Garavelli's,Saint Louis,MO,4.0,9,American (Traditional),False,False,False,,38.591035,-90.304291
TPkwQL43WA79mQ7Gnx9XQw,Domino's Pizza,Saint Louis,MO,3.0,12,Pizza,True,,False,,38.4869389,-90.3818798
04UD14gamNjLY0IDYVhHJg,Dmitri's,Philadelphia,PA,4.0,273,Mediterranean,False,False,False,u'no',39.9380132,-75.1481307
7sKfrJmjG6unAQeWdQUe2w,Franzone's Pizzeria & Restaurant,Philadelphia,PA,3.5,110,Pizza,True,True,False,u'free',40.026465,-75.2244958
6kAXOzE7fqaBZINQV_-_mg,Kien Giang,Nashville,TN,3.5,326,Vietnamese,True,False,False,u'no',36.148333,-86.862353
WO5nr-4sjVs506BdCLL0aA,Kuchi Sushi & Hibachi,Tampa,FL,4.0,319,Japanese,True,False,True,'no',28.030876,-82.541377
lTVHJAvtFQbQb6cPstEXyA,China Bowl & State Street Cafe,Santa Barbara,CA,2.0,61,American (New),True,True,True,u'free',34.4235663,-119.6925452
0xe81EigRw_b5W8tg0Ca6Q,KFC,New Port Richey,FL,1.5,19,Fast Food,True,,False,'free',28.2771645,-82.673909
JYDd5sgn18DqDnTnq_tBRQ,Las Trojes Mexican Restaurant,Sparks,NV,3.0,106,Mexican,False,True,True,'no',39.5885582,-119.7254333
_eUOqZZxwQrk7Cx2RAeghg,The Port of Peri Peri - Ballwin,Ballwin,MO,4.0,25,Portuguese,True,,,,38.5965958,-90.4862273
14ZGwnDyydXdSBsLXpSUrA,Vientiane Café,Philadelphia,PA,4.0,304,Vietnamese,True,True,True,'no',39.9483087,-75.2178905
jlgi2sLx5i6_t4mcODJW7A,Redemption,New Orleans,LA,3.0,63,Breakfast & Brunch,False,True,True,u'free',29.9741719,-90.0974353
k4gi0CDSas1glukpWHtoFg,The Flying Bridge,St. Pete Beach,FL,3.5,62,American (New),False,True,False,'free',27.730499285,-82.7449756747
7kko-9WTh53VZ_PmrffrSQ,Tasty Tom's,Edmonton,AB,4.0,67,Breakfast & Brunch,False,True,False,u'free',53.517857954,-113.4884910012
W0IFKY22NruJ9dC02yvVqg,Kally K's Steakery & Fishery,Dunedin,FL,2.5,18,Seafood,False,True,True,'no',28.0198079969,-82.7603502986
cljHYek6vHtqUgUsnJBqmA,Pomme Cafe & Wine Bar,Saint Louis,MO,3.5,57,French,False,True,False,'no',38.6514594,-90.3378156
eFOexSu3Ywon4h8NtTOpKA,Thai Orchid Restaurant,Edmonton,AB,4.0,41,Thai,True,False,False,u'no',53.4762041,-113.4911558
42IIF87kg1Ay4AeS6r9SOQ,Pizza Hut,Indianapolis,IN,2.0,19,Pizza,True,False,False,'free',39.7971751,-85.9901685
ekBvLA43oEWEswUXZI0bYQ,Shawerma Palace,Wilmington,DE,4.5,8,Middle Eastern,True,,,,39.73989,-75.55074
NAbdYpm3Hn_XnhSQftsJNA,Wow Bao,Sparks,NV,2.0,13,Dim Sum,True,,,,39.5415900844,-119.7357798368
QExWORi8kxwQGdXlFXRc-Q,Frank's Diner,Hudson,FL,3.0,30,American (Traditional),False,False,False,'no',28.391744,-82.667798
ewhGlOAo3GYriPFnLV004g,China Star,Saint Petersburg,FL,3.0,6,Chinese,,,,,27.7524013,-82.6614647
f31Cl39cl2T-CwwqZoMGkQ,Ray's Subs,Trenton,NJ,3.5,39,Sandwiches,True,False,False,u'no',40.2519978278,-74.7763186544
aq26RY75PlTNsviW6wUC9A,Hooters,Tucson,AZ,3.5,109,Sports Bars,True,True,False,u'free',32.2205997635,-110.8379714749
VenhDgh9fRrh9c0Xq0LacQ,66 Q-pot,Pinellas Park,FL,4.0,113,Barbeque,False,False,True,u'free',27.8344865813,-82.7278812626
-zsvmEbkd-K9K2DAAKqiEQ,Salty's Island Bar & Grille,Clearwater Beach,FL,4.0,599,Mexican,None,True,True,'free',27.969764,-82.829336
MzBXuXfCZi2VJ-ZKPAfdvw,Auntie Anne's,Willow Grove,PA,2.5,6,Pretzels,True,,,,40.1403336543,-75.1235461638
4NjPz9bJzll1FMIi2bw8HA,Sonam,Philadelphia,PA,4.5,9,Tapas Bars,False,False,True,,39.9412971,-75.1466064
1CRaUspmxoegNBUnLkBAyA,Li Chinese Reaturant,Swansea,IL,3.0,27,Chinese,True,False,False,'no',38.5443273542,-89.9841293629
hn3Rg2JrhQoDJBEhrpuwWg,Granite City Food & Brewery,Franklin,TN,3.5,356,American (New),True,True,True,'free',35.933616,-86.821486
71q2UD1A7KL2q4AA8mPobQ,Urban Eats,Saint Louis,MO,4.0,88,Pizza,True,True,True,u'free',38.5808008,-90.2410679
7R_LxvRPu3qMc8xMhP0POw,Mo's a Place For Steaks,Indianapolis,IN,4.5,42,Steakhouses,False,False,True,u'free',39.7654422471,-86.1573568352
g4KzJc8y7BhW66ieNIwJEA,The Old Spaghetti Factory,Nashville,TN,3.0,288,Italian,True,False,True,u'no',36.1639095897,-86.7758031111
iyI-PmAhYEktWu81_p3ukw,Subway,Tarpon Springs,FL,3.5,6,Sandwiches,True,True,False,,28.146935335,-82.7414761083
YgMZm_alGFUeQO4hz9X9VA,Earl's New American,New Hope,PA,3.5,135,American (New),False,True,True,u'free',40.3475793,-75.0298548
ScamTi0JLrr9in8SwiJ4nw,Steak N' Shake,Indianapolis,IN,2.0,12,American (New),True,False,False,,39.6522882,-86.2084465
_4VrDSmqabnuqwaQlOI6-w,IHOP,Florissant,MO,2.5,34,Breakfast & Brunch,True,False,False,'no',38.79529,-90.34097
m1EGAIfFEN9nG2_bJqnAcQ,Sushi Minato,Reno,NV,4.0,231,Sushi Bars,False,False,True,u'free',39.4770062,-119.7825078
5XXFFeHDa-lb-OcXGDKXpg,Bartaco,King of Prussia,PA,4.5,313,Tacos,True,None,False,u'free',40.0883652258,-75.3884107669
4ib9kGHlwqWPalWjh-dZhQ,Yama-Taiyo Japanese Cuisine & Sushi Bar,Palm Harbor,FL,4.0,49,Japanese,True,False,True,u'no',28.09319,-82.771565
5R6YO6K9PkthkTbXqV9slQ,Sakura Japanese Restaurant,Wilmington,DE,4.0,86,Japanese,True,,,,39.7229310921,-75.6620611
-TRXiliBZ2O2_BKyKQ32HA,Gyro Shack,Boise,ID,4.0,67,Sandwiches,True,True,False,u'no',43.6562033682,-116.2585391
uxJRSGuOpTv4g7U7gWANyw,Pizza Hut,Clearwater,FL,3.0,9,Chicken Wings,,,,,27.9179833,-82.734651
TO_Ha3HG_qETaDN8-yOVxg,Penllyn Pizza,Blue Bell,PA,2.5,23,Pizza,True,False,False,u'free',40.1708178,-75.2453082
wn1rS1Ga9xZ1BIMffnJW5A,Applebee's Grill + Bar,Sicklerville,NJ,2.5,39,Fast Food,True,False,False,u'free',39.748982,-74.990204
rLSnt_I-JBH6f1kQ2j0uFg,Aston Pizza Company,Aston,PA,3.5,34,Pizza,True,True,False,u'free',39.8723666123,-75.444536709
aFOXqgKSeSCvq4UU0rPdHA,El Manjar,Tampa,FL,4.0,17,Latin American,False,,False,,28.0153977,-82.4855275
H3p3b8nbB3OtIfQyQGKDkg,Eet Gud Bakery,Trenton,NJ,4.5,78,Bakeries,True,False,False,u'free',40.228034,-74.709329
rL68WmPRYvmSjRaQUoKwkQ,Social Gastropub,Edwardsville,IL,3.5,131,Gastropubs,False,True,True,u'free',38.7848922,-89.97915449999999
AY1SyySRyTnBwBdf7qfGxQ,Citi Market place,Philadelphia,PA,4.5,86,Grocery,False,False,False,u'no',39.9489105,-75.1630155
9XpU6r6ATXSWYfbU7kibaQ,Passero's Coffee Roasters,Philadelphia,PA,4.5,91,Coffee & Tea,False,False,False,u'free',39.9542012,-75.1674658
8QJTzIaR5FceGds8HBSIig,Barrio Brewing,Tucson,AZ,4.0,611,Sports Bars,None,True,False,u'free',32.214412,-110.9595118
fRdJbbQk05UctAAX8v4uFA,Marco Polo's Pizza,Nashville,TN,2.0,28,Burgers,True,True,False,u'free',36.1875154,-86.8213698
4LuzS6VevvwSmB71KbGyVQ,Waffle House,Mount Juliet,TN,3.0,29,American (Traditional),False,False,False,'no',36.168351,-86.5146751
cAqNakznheceKWMs62lUKg,Fitlife Foods - Wesley Chapel,Wesley Chapel,FL,4.5,18,Specialty Food,True,,False,,28.183548436,-82.3545080423
Ey0t4U6yqtxCeMaGPf7GcA,Brummis - the German Taste,Santa Barbara,CA,4.5,111,German,False,False,True,u'no',34.440696,-119.732304
cz0sBSp8G2R2dqE6cccbuw,Wit or Witout Cheesesteaks,Philadelphia,PA,2.5,37,Cheesesteaks,False,False,False,u'no',40.0378039,-75.0387664
UCCc31J4N8Y57RuzmInjyw,Chipotle Mexican Grill,Plainfield,IN,3.0,35,Mexican,True,True,False,,39.713921,-86.355953
4gaTCKPPSooQ7OKHkhZwiQ,Crisp Chikn,Lansdowne,PA,4.5,19,Wraps,True,False,,u'free',39.9390834669,-75.2722532
jz-A6Gq1pM-esuAEKqqSqQ,Raising Cane's Chicken Fingers- Arnold,Arnold,MO,3.5,26,Fast Food,False,,False,'no',38.4403418,-90.3734194
g-0-_hPz-yr_f4gBFbX2Ow,Kim's Cuban Sandwich Shop,Seffner,FL,4.0,39,Latin American,True,True,False,u'free',27.981183,-82.29767
Lro-qULT-oa4Oz36p1yTwA,Johnny G's Pizza,Philadelphia,PA,3.0,11,Pizza,True,False,False,u'no',40.0618893,-75.0832513
Zm3X8i9GsYaxdWHlI-WQwg,Eleven Cafē,Tucson,AZ,5.0,21,Coffee & Tea,False,True,,u'free',32.2226061406,-110.9721927976
yfL0PSbSPeOb5QQ5uvGjrw,Hy-Ho Cafe,Belleville,IL,3.0,5,Cafes,False,False,,,38.502124,-89.985367
dqqpF3nD9OAyJkrMs4jNdQ,Capone's Southside Cucina,Fenton,MO,3.0,19,Diners,False,True,True,'no',38.5129249,-90.4396664
ppV8AwESFjlG5FSRXdvtyg,LouVino,Indianapolis,IN,4.5,236,Wine Bars,True,True,True,u'free',39.7748769,-86.1499074
ju4YP8SLdR_BmWr_-Xh83Q,Phamous Cafe,Goleta,CA,4.0,220,Vietnamese,False,None,False,'free',34.428242,-119.876408
gEJ3a8-m6VB827e6GHromw,Sauce on the Side,St. Louis,MO,4.5,232,Salad,True,True,False,'free',38.6271043879,-90.2566847205
i7LerGjkoxNPrlJ1oJpbXw,Red Lobster,Langhorne,PA,3.0,77,Seafood,True,False,True,'free',40.178285,-74.880187
Q4q9xFDxErreYTMrRshP_Q,Tijuana Flats,Clearwater,FL,3.5,89,Mexican,True,True,False,'no',28.01992,-82.732923
sdUQjlWN9y6yowVcvqomnw,La Spezia Italian Cafe,Nashville,TN,3.0,12,Cafes,True,True,False,'paid',36.0464907,-86.7133917
vOgQnvKbE4nMopFTjoL8Gg,Watermark Restaurant,Nashville,TN,4.0,296,Lounges,False,True,True,u'free',36.1522693592,-86.7850399017
qdpdUjdkEUpzYDdce2yZng,Plaza Deli,Santa Barbara,CA,4.0,188,Sandwiches,False,True,False,u'no',34.436708,-119.748708
z06yuwkwWjgXAxnlZKg1yw,Popeyes Louisiana Kitchen,Tampa,FL,2.0,28,American (Traditional),True,False,False,'no',28.069558,-82.433814
SKph9ovzvVSNzNFICgKb1Q,Union Burger,Clearwater,FL,2.5,42,Burgers,False,True,False,'paid',27.9800395966,-82.8279495239
5BWh2ViME8lAm1G1SDVtSg,The Red Piano,Edmonton,AB,3.0,73,Jazz & Blues,False,False,True,,53.5224395,-113.6218728
jrXGF0GlXZZgA__9PSPt1w,Clancy's By The Creek,Brooklawn,NJ,3.5,21,Pubs,False,True,True,u'free',39.8756754,-75.1207411
Jr90GZ4uthyYp7407eyutQ,Sea Dog Cantina,Gulfport,FL,3.5,63,Cocktail Bars,True,True,,u'free',27.7414706131,-82.70766
Ah7mpTWpdflSaCZHKHx8Dg,Yori's Church Street Bakery,West Chester,PA,4.5,86,Breakfast & Brunch,True,None,False,,39.9595399,-75.605789
GvRA736fSqNZPe_OJRCt-w,Pranzo Jersey Italian Cafe,Nashville,TN,4.0,6,Coffee & Tea,True,True,False,,36.1524547,-86.7923114
5jXiZ23pb-xf457uNM2yZg,LJ Thai Sushi,Nashville,TN,5.0,8,Thai,None,True,,,36.1413036,-86.8822837
Yl4Am6NhqWo_YMmo1SyU5A,Domino's Pizza,Philadelphia,PA,2.0,5,Pizza,,,,,39.9453395,-75.238934
EQ-TZ2eeD_E0BHuvoaeG5Q,Milktooth,Indianapolis,IN,4.0,1379,Beer,None,True,False,'free',39.7591692208,-86.146494347
pAnGtLoIkTplo2SnnrllTw,MadaVera's Original Hero & Bakery,Spring Hill,FL,4.5,18,Delis,True,True,False,u'free',28.4651156061,-82.6194488956
TrBIfq2XPO854CcnaOULIw,North 53,Edmonton,AB,3.5,72,Beer,False,False,True,u'no',53.5444631659,-113.5361104595
e86IBzGCsrnhJbD_wELj7w,Herbie's Vintage 72,Saint Louis,MO,3.5,141,Gluten-Free,True,False,True,u'free',38.6488432,-90.2610791
oqP1oQEycpp4J6u5YebRoQ,American Social,Tampa,FL,3.5,768,American (Traditional),True,True,True,'free',27.9387071894,-82.4547521292
2wwhMKlfpOd0dpk_AQdt8w,Leonardo Trattoria,New Orleans,LA,2.5,29,Italian,,True,True,,29.9472031,-90.0714312
ld1b8y_PHH6Mn_e7T0u04g,Gachi Sushi and Noodle,Philadelphia,PA,4.0,95,Noodles,False,False,False,u'free',39.8946117,-75.2292952
c6xp1swmd-_P87kt3xggDA,Taco Bell,Alton,IL,1.0,16,Fast Food,True,,,,38.888951,-90.17685
C3Nc7EUqo64jRPWPn6vY9w,Chipotle Mexican Grill,Cherry Hill,NJ,2.5,73,Fast Food,True,True,False,'no',39.9274404658,-75.0318763641
aZNiVR6oAMQX5__yGPvYsg,Susanna Foo Chinese Cuisine,Philadelphia,PA,3.5,26,Chinese,False,False,True,,39.9493255,-75.1667043
0l0R_1x2RC8pEwP-OG6UxA,Roberts Meats And Catering,TAMPA,FL,3.5,72,Meat Shops,True,False,False,u'free',27.911868,-82.52705
E0KwLVaQ-uKEjJl3j_VAGQ,Firehouse Subs,Sparks,NV,4.0,87,Delis,None,False,,,39.5415757,-119.7366051
VMJvz4jqc06fvlfvloDVZg,Lynne Lorraine's,Nashville,TN,4.5,52,Vegan,False,False,False,u'free',36.1742465,-86.7501145
yOb98TKNFfKLt5PCLJI8fQ,Island Treat,Burlington,NJ,3.5,22,Caribbean,False,False,False,'no',40.0696085,-74.8541512
bjhCtlYHrkgA5Ku8l-rB3g,Our Daily Bread,Santa Barbara,CA,3.5,106,Cafes,False,True,True,'free',34.435812,-119.725001
uAbUh-mivr8AFoEbk-gANA,XT Munchies,Tampa,FL,4.0,5,Fruits & Veggies,,,False,u'no',27.999241,-82.4508628
VnQBbu2oco57NB36kFhC2w,Café Cuba,Valrico,FL,3.5,42,Sandwiches,True,True,False,u'free',27.895823,-82.246869
jnZYD2UCGziWwGsUxybkFw,Daredevil Hall,Indianapolis,IN,4.0,184,Brewpubs,False,True,True,u'free',39.9119165358,-86.1184757185
X-BZp1KMgGzKkf_92Y3fWw,Tiki Tolteca,New Orleans,LA,4.0,214,Tiki Bars,,False,True,u'free',29.9534303,-90.065154
bWJMd2POMCk5FKi7ZS4Elw,Naked Fish,Smyrna,TN,3.5,19,Japanese,False,False,False,'no',35.9414237571,-86.5285019187
ffvS2BlFwQra5FTPNk5N2g,Arber Cafè,Saint Louis,MO,4.5,18,Cafes,True,False,False,u'free',38.5690797,-90.2866399
7YiLEuHuUONZrMPT0OxXUQ,McDonald's,Reno,NV,1.5,89,Fast Food,True,True,False,u'free',39.530632,-119.814276
Npw9ponCiJV9tjG5Bsp2Fg,Bistro66,Pinellas Park,FL,4.5,7,Italian,True,,True,,27.8470217,-82.7289792
iF_92LcvfJfrtwjHWhVb-Q,4th Street Pizza,St. Petersburg,FL,3.0,67,Food Delivery Services,True,False,False,u'no',27.801446,-82.6378064
dv4tx5H0-aPiIXSM2hJNhA,Hooters,King of Prussia,PA,3.5,5,Beer,,False,,,40.090495,-75.3740399
WxFfnTx_VAT_ORvqHAfYNw,My Blue Heaven,Philadelphia,PA,3.0,6,American (Traditional),,False,,,39.9883288,-75.0912665
3gTZAOmML02T1L5gYIHYqQ,Kabsa  The Ultimate Cuisine,Edmonton,AB,4.0,24,Middle Eastern,True,False,True,'no',53.616357,-113.431281
3yJYL99Dmq0ofHkcqyPtjw,Philly Dat Up,Kenner,LA,3.0,12,Sandwiches,True,False,False,'no',30.0163825182,-90.2495574206
r7sU7DuN2wM1OyjLHe6_pg,Hungry Howie's Pizza & Subs,Tampa,FL,2.5,12,Chicken Wings,True,False,False,u'free',27.9956217,-82.4366429
tXfeVYKJq-bGPx1sjHOMHA,Village Inn,Land O' Lakes,FL,2.5,61,Diners,False,False,False,u'free',28.1866210597,-82.4428262548
mpzA35lk0GxnQFPLPIP0Vg,Aloha Japanese Steakhouse,Reno,NV,2.0,11,Japanese,,False,True,,39.4926328,-119.7891273
kdboJGRQZXuKYLIFMvsoJw,Boise Auto Repair Mobile Tech Auto Repair,Boise,ID,3.5,15,Hawaiian,True,,,u'no',43.5836172562,-116.2024007625
WKHyyy11XHPNd7YtONSr_w,Battle Ground Brewery,Franklin,TN,3.0,9,American (Traditional),False,False,True,,35.92817,-86.868185
ejRuEF2j8_w5qQbwEQ8GfQ,Villagio Pizza Cafe,Philadelphia,PA,3.0,47,Pizza,True,False,True,'no',39.9851818,-75.1067498
zVmW-ohNzhOPiBIeUPL62g,Goody's Pizza,Philadelphia,PA,2.0,25,Pizza,True,False,False,u'no',40.0274889,-75.0611831
3dGqTD3xCOYjUtmusTJpeA,Glenmoore Deli,Glenmoore,PA,3.5,9,Pizza,False,True,False,u'free',40.0890174,-75.7720883
M2m_SM9GpIbct2a_hOGzag,Daily Dish Events & Catering,Franklin,TN,4.0,47,American (Traditional),True,True,True,u'free',35.998157,-86.886735
MpkCQTOV6D3XGRPbtQPj5Q,Pho 36,Avon,IN,4.5,236,Vietnamese,False,False,False,u'no',39.7631044346,-86.3519488545
KcTLv46oThYuSujjb4EfEA,Asian Cafe,Phoenixville,PA,3.5,80,Japanese,True,False,True,,40.1305452,-75.5505053
dhKHcuHvwgB5qAAYencsFw,Kings Garden Noodle House,Edmonton,AB,3.0,15,Noodles,True,,,,53.49461,-113.576889
neL2xrin-uMJl5ABKyPLKA,The Melting Pot,Reno,NV,3.5,15,Fondue,False,False,True,,39.476506,-119.806804
Aphp-EdFass877c-sWp5eg,Woodbury Station Cafe,Woodbury,NJ,3.5,145,Diners,True,True,True,u'free',39.8363431,-75.1500005
t9vrAYNiFfd2cBZ6gjEAyg,Simpatico Italian BYOB,Huntingdon Valley,PA,4.0,18,Italian,False,False,True,'free',40.123116,-75.063391
7JB8oxtB1Wa0JIWHxs-DhQ,Jades Chopstick,Boise,ID,2.5,7,Chinese,False,False,False,,43.667181,-116.27553
cbkrO0zra1OiNGvtjw2igQ,Wok On the Wild Side,Goleta,CA,2.0,95,Chinese,True,False,False,u'no',34.413105313,-119.8574306397
_E0WPHfJEYmwOUCAj-Jq1A,Western Village Inn and Casino,Sparks,NV,3.5,266,Casinos,False,False,True,u'free',39.5344459,-119.7344361
KS7n4ctHUc9IhC7OGmeQog,Chicago's Stuffed Pizza,Oldsmar,FL,2.0,17,Pizza,False,True,True,u'free',28.0370281081,-82.6571657675
B03ajYBGDkZrIDB9lRTwUg,Valentino's Ristorante,Nashville,TN,4.0,160,Italian,False,None,True,u'free',36.153864,-86.7976111
MGNAYydr7SxPMDgFlnZ7sg,Little Caesars Pizza,Philadelphia,PA,3.0,10,Pizza,True,False,False,'no',39.9139475,-75.1520299
P3qii5-Hch2tDd1e59znXQ,Franci's Cafe,Tampa,FL,4.5,34,Cuban,False,False,False,u'free',28.0408259,-82.5264812
N44roXfLNkBdpINQDjEFOQ,Carisilo's Mexican Restaurant,Collinsville,IL,4.0,65,Mexican,False,True,False,u'no',38.695337,-89.9666906
5gFINQunzrgFOxI20Dr5Uw,Chuck E. Cheese's,Edmonton,AB,3.0,10,Indoor Playcentre,True,None,True,u'free',53.5989601,-113.5699576
vndmRdCChdud7EywJTvy7w,Avalon Bistro,Downingtown,PA,3.5,26,Italian,False,True,True,u'no',40.003693,-75.707552
KBsLYznLfnJEY3RIBUZe0Q,Kei Sushi,Reno,NV,4.0,357,Asian Fusion,False,False,True,'no',39.4785657157,-119.7867159918
yWUmFHfZEV6nnF2IFXn4nw,Prime 55 Restaurant & Lounge,St. Louis,MO,3.0,67,Seafood,True,True,True,,38.6549453,-90.2962379
k3sED9tpGEOtzhGxvcxTrw,Izzo's Illegal Burrito,Metairie,LA,3.0,147,Tacos,True,False,False,u'no',30.0046134,-90.1804121
aI2w94F3TvIuPTcflKVCJQ,Honeydeux,New Orleans,LA,3.5,88,Juice Bars & Smoothies,False,True,False,u'no',29.931227,-90.073987
MYMLQfzRv8x7aO-bv9vpFg,Five Guys,Boise,ID,2.5,36,Specialty Food,True,True,False,u'no',43.6139398936,-116.2053884805
encfXG_jrG1M6gX1IqrHrw,Ballyhoo Grill,Tampa,FL,3.5,262,Seafood,None,True,False,u'free',28.07824,-82.569894
CxoRg-ZcXdpqXWmUJliYog,McDonald's,Hudson,FL,2.5,28,Fast Food,True,True,False,u'free',28.3316185901,-82.6584090292
zOzEoK5JvJCA244kYR7Prg,The Bro’Kin Yolk,Edmonton,AB,4.5,8,Juice Bars & Smoothies,,,,,53.4446871,-113.4901993
0e7U3DahOeJsT0brY4n_uQ,Pra_LEES,New Orleans,LA,4.0,22,Soul Food,,,,,29.996745400000002,-90.0602898
XYaOXB1i1zT2zAWreYbX0g,Blue Collar Coffee Co.,Indianapolis,IN,3.5,19,Coffee & Tea,,True,,u'free',39.7790868,-86.1433955
a24bmNPatJARqO1H4QnWgQ,Blue Quill Chinese Food,Edmonton,AB,3.0,26,Chinese,True,False,False,u'no',53.4604772,-113.5313926
oFMpfE5J6f0ATRmsVXrFSg,Papa Sam,Philadelphia,PA,3.0,6,Pizza,True,False,False,,40.0394759,-75.0778205
la1k3Qq-cUBZrTXyElb8QA,Panda Express,Saint Louis,MO,3.5,7,Chinese,True,,False,'free',38.636278,-90.348028
_rkjLrft2ZgHcLBLF9amXw,Uno Pizzeria & Grill,Oaks,PA,3.0,138,American (New),True,True,True,u'free',40.1345642784,-75.4485799227
1c6wVkPI_v765N7l_la59A,Santucci’s,Downingtown,PA,3.5,9,Salad,True,True,,u'free',40.0322167,-75.6796171
uGO0efY86PV-pw9iBxdxTw,Home Depot Hot Dog Cart,King of Prussia,PA,4.0,8,Hot Dogs,False,False,False,u'no',40.0816399,-75.3854846
tCLAeZsjXFG9RumJ4Hn0Kw,Maru Global,Philadelphia,PA,3.5,72,Japanese,True,False,True,u'no',39.9467949,-75.1577025
9jSYRT9jmXlVp0owgqKa5A,Old St Louis Chop Suey,Florissant,MO,4.0,12,Chinese,True,False,False,u'no',38.811718,-90.298623
i-tDq8zC7ZmSqSbg_7oddA,LA Smokehouse,New Orleans,LA,4.0,79,Barbeque,True,True,False,u'free',29.962067,-90.117703
wXBAAafoiZ4Nty2ajuBtfw,Subway,Indianapolis,IN,2.5,11,Sandwiches,True,True,False,,39.8843597233,-86.0679047452
mTeNbKb9idbGoKJswtU_mA,Sarappos Pizza,Bensalem,PA,4.0,25,Pizza,True,False,False,,40.1356276,-74.9422493
LHSTtnW3YHCeUkRDGyJOyw,Fries Rebellion,Quakertown,PA,3.5,103,Beer Bar,False,False,True,u'free',40.407537456200004,-75.3388251276
YRWRq25_XCUeeqSlK1QZLA,Wall St Pizza,Tampa,FL,4.0,21,Pizza,True,True,,u'free',27.9475693,-82.4551823
zTp2lpm3z5tVk62rA-pCdQ,Rooftop Garden,Indianapolis,IN,3.5,60,Tapas Bars,False,True,False,u'free',39.7521667,-86.1396658546
HKLFG2qKkd5X1IyfwYlYqQ,Chubbie's Fried Chicken,New Orleans,LA,4.0,70,Fast Food,False,False,False,u'no',29.9320808,-90.0030653
Qkiz7nFYML7sJBFPO7pNaw,The Munch Factory,New Orleans,LA,4.5,21,Seafood,,True,,,30.0273794,-90.0387422
4u4njx79dMrXNhbRFHjG8A,HK NOLA,New Orleans,LA,3.5,22,Kosher,True,True,False,,29.9450835,-90.1261013
y8R6_RZsBO-b__bJaQjuaw,Factory Donuts,Newtown,PA,4.0,34,Breakfast & Brunch,True,False,,u'free',40.2340222488,-74.9426154439
oCATFtmf0u9m0kj1Bdr5GA,Nicos Mexican Food,Tucson,AZ,2.5,15,Mexican,True,False,False,'no',32.1995400199,-110.9078088775
Vh0A_uMFR-hxXwF5kVFGfg,Haveli Indian Cuisine,Tampa Bay,FL,3.5,9,Indian,False,False,True,u'free',28.0489954,-82.3928704
gLaxSkjWzt25hybkaKwQcA,Slim Goodies Diner,New Orleans,LA,3.5,520,Diners,True,True,True,u'free',29.9230437,-90.0882019
ShMMSvD_xxf3qfy70T2MrA,Joe's Pizza,Broomall,PA,4.0,30,Pizza,False,False,False,u'no',39.9807964312,-75.3618657847
j6zWZyXsvEZvNO4wcz_oaQ,Stoogez,Ballwin,MO,4.5,8,American (Traditional),True,False,False,,38.592324,-90.52617
6Vnoah8cca3KC4CdSu-eaA,Bubba's Deli,St. Louis,MO,4.5,46,Salad,True,True,False,u'free',38.604407,-90.3041
jnge13lFtiLGXQEo5NwSYw,Sucre Table,Tampa,FL,4.5,67,Bakeries,True,,,,27.9444151,-82.5116072
T8lxi3V2avTVXCanVkAFNg,Pizza Hut,Philadelphia,PA,1.5,25,Italian,True,False,False,,39.9130548,-75.149704
pFtvNuoUppn9GYx0_ZsW5w,Subway,Indianapolis,IN,2.5,6,Sandwiches,True,,False,,39.9102068,-86.1833818231
YGdUUAqeRT5Z7fYkpevEyA,Porterhouse,Eagle,ID,4.5,65,Grocery,True,True,False,u'free',43.688867,-116.35483
5Ce3lZksYVkCbrihqylVHQ,Sushi Nara,Tucson,AZ,4.5,159,Sushi Bars,False,False,True,'free',32.222552,-110.788132
fr2qDm_mY1afIGMvqsKUCg,George's Wings,Philadelphia,PA,3.5,50,American (Traditional),True,False,False,u'no',40.0643044322,-74.9868814021
IZmCSGeXLCB-Y2UvJrvr-A,Zea Rotisserie and Grill,New Orleans,LA,4.0,130,Salad,False,False,True,u'no',29.9386502,-90.0761769
76xVA7wmqKLURF0tN82N5w,Bar Avalon,West Chester,PA,4.0,107,American (New),True,True,True,u'free',39.9611607,-75.6033724
ut6fi2W2YaipNOqvi7e0jw,Upland Carmel Tap House,Carmel,IN,4.0,244,Breweries,True,True,True,'free',39.9569253992,-86.142973568
Cx3G-kw4kYtlcig8yG7fWw,Burger King,Sparks,NV,1.5,57,Burgers,True,False,False,'free',39.6390681642,-119.7106055823
GOSVLhjUT6TnrPhkkmDOpw,Vineyards Cafe,Philadelphia,PA,4.5,192,Coffee & Tea,True,True,False,u'free',39.969939,-75.163026
6UuwB1bcTSkq2GX77M926g,Wingstop,Seffner,FL,3.0,5,Chicken Wings,,,,,27.9817738,-82.3001788
kOHcpCZQd4uNp6G2uE8o2A,PrimoHoagies,Philadelphia,PA,4.0,43,Delis,True,False,False,u'no',39.9209271,-75.1733058
61YkH57gZYrRk1R5-P-AxA,Kebab Express,Edmonton,AB,2.0,5,Middle Eastern,,,,,53.5179390899,-113.497134578
l3pO6YTjFUgVoXgm3gfUag,Ichiban Buffet,Cherry Hill,NJ,2.5,48,Buffets,False,False,False,'no',39.9231457,-75.0430536
roPouz4OlLf35LF6vV3Ebw,Aoki Japanese Restaurant,Exton,PA,3.0,5,Japanese,False,False,True,,40.0290767,-75.6186182
ELJcgId3RiCADVIT5QbUTA,Hyon's Seafood,Philadelphia,PA,3.5,5,Seafood,True,False,False,,39.9350405,-75.179381
h85b3MFPWyaopMBy8DpBpA,Ron's Caribbean Cuisine,Philadelphia,PA,4.0,142,Ethnic Food,False,False,False,u'no',40.0407573,-75.1448014
G6EkKOLWiOw_8G7olgvalg,Nicoletto’s Italian Kitchen,Nashville,TN,4.0,37,Pasta Shops,True,True,,,36.1368318853,-86.8029680469
L5LW_wN6Z0JV_vKe2jnsBw,Wendy's,Tucson,AZ,2.0,21,Fast Food,True,False,False,,32.3454644454,-111.0135447675
X8k7N03buo2bBbUUfcAltQ,Taco Bell,Meridian,ID,1.5,38,Fast Food,True,False,False,'free',43.59716,-116.39233
D7Os2-9ApTGmNyzidqfwGA,"The Ritz-Carlton Spa, New Orleans",New Orleans,LA,4.0,66,Beauty & Spas,False,False,True,u'free',29.9550178,-90.0709905
w9hS5x1F52Id-G1KTrAOZg,Wiz Kid,Philadelphia,PA,4.5,163,Vegan,True,False,False,u'no',39.9509958568,-75.1723086834
YovYgTM4ck3TJzi6XmRMZw,DC Cafe,Reno,NV,3.0,10,American (Traditional),,,,,39.4149235,-119.7554975
26g6EO9eqWVsA92yomXKpw,Yannis Family Restaurant,Lansdale,PA,3.0,25,Breakfast & Brunch,False,False,False,u'no',40.240921,-75.3037724
lpfrjbjIWC0BNZThaSDMLw,Simply Thai Restaurant,Florissant,MO,4.0,85,Thai,False,False,False,u'no',38.8015155,-90.3111042
_v3DcLatG70adfYzWTd-CQ,Pacific Health Foods,Carpinteria,CA,4.5,97,Sandwiches,True,,,u'free',34.398436,-119.5187939
FtkYGVPVCRuuhQhYJBSVQw,Zimmer's Seafood,New Orleans,LA,4.0,81,Seafood,False,False,False,u'no',30.0083429,-90.0644403
RyndNvh5DEsywX76cAkpeg,Long Hollow Pizza and Pub,Goodlettsville,TN,4.0,90,Pizza,True,,,u'free',36.3222792,-86.7031195
ErFFv3yCa9NnJ_x0hBPCtg,New Asian Village Express,Edmonton,AB,4.0,8,Indian,False,False,False,,53.4853579741,-113.5143256187
w_SsLvj6Xir_B4OQv6v8OA,Honey Baked Ham Company,Indianapolis,IN,2.5,8,Event Planning & Services,True,False,False,u'no',39.9259065566,-86.2273496389
nnZIsmpIQnuQY5S-MoGyvg,Baguette Deli,Boise,ID,4.0,207,Vietnamese,False,False,False,u'no',43.603511,-116.245104
k9A4tAmei12tLprkrNPkcg,El Pollo Loco,Reno,NV,3.5,54,Fast Food,True,False,False,'no',39.5321041,-119.8640278
AgN2wYfkqbHGvWN3CNdydA,Buster's Pizza & Donair,Edmonton,AB,3.5,6,Donairs,True,,,,53.3969781497,-113.5297982796
nqzOH_1CBGe2VrsxTziuvg,KFC,Saint Louis,MO,1.5,5,Chicken Shop,False,False,False,'no',38.6249,-90.2036
Qg9Sx8RwqnpYKQeSjfPh2w,Le Mouton Noir Bakehouse,Tampa,FL,3.5,35,Cafes,False,True,False,u'free',27.95127,-82.446107
NKnwvuJygWPC42qycr6Hwg,Mano's Po-Boys,Metairie,LA,4.5,77,Seafood,True,False,False,u'no',29.981498,-90.2117653
Y4ekZBFgSauDaVOqI52vPQ,Blue Coast Burrito Express,Nashville,TN,3.5,8,Mexican,True,,False,,36.1489461,-86.8061621
0_fd3nMhIVlJyLV76dTCAQ,Krystal,Nashville,TN,2.5,9,Fast Food,True,False,False,'free',36.0152661,-86.7034410685
_tADqh3OmH6CzGJWKkru3g,Latin Flavor,Philadelphia,PA,4.5,10,Latin American,True,False,None,,39.9422752,-75.1532337
7KFWWjzHOSBl9HDVXkyusQ,Wawa,Mount Ephraim,NJ,3.5,16,Sandwiches,True,,,,39.8929548,-75.0912428
YvfeLey2Bnge5Mj9RY7ofA,The Bricks Courtyard Bar and Grill,New Orleans,LA,3.5,10,American (Traditional),False,True,False,u'no',29.944825,-90.072989
4ulvTVp4_eXb3XVMrXfRyQ,Alfresco's,St Petersburg,FL,3.0,12,Event Planning & Services,False,True,False,u'no',27.778450803,-82.6294136794
tW-hptQp2G8ShB_In68InQ,China Spring,Nashville,TN,3.0,28,Chinese,False,False,False,'no',36.1204513203,-86.7774219494
EdysxosAepdogof_YDAgeQ,Einstein Bros Bagels,Greenwood,IN,2.5,10,Bagels,,,,,39.6119879,-86.1584049
2va-BK-z06mmPkSjNAJX0w,China King,Lansdale,PA,3.5,42,Chinese,True,False,False,u'no',40.2284736,-75.2820167
FYIL5duVgc9eLyYw6hobmw,Ellington's,Nashville,TN,4.0,107,Arts & Entertainment,True,True,True,u'free',36.1648001,-86.7799287
CJzVNnmSG-f8zVCBJDam8g,Gangnam Street Food,Edmonton,AB,4.0,5,Korean,,,,,53.6017805733,-113.4471042407
5Eq-hxUIIjZTHFnpZJhgQQ,Tom's Corner Grill & Pizza,Philadelphia,PA,3.5,11,Pizza,True,,False,,40.0406177,-75.0438084
c8rjE6NcfeyzLB_aU1GdMA,Sláinte Pub & Grill,Philadelphia,PA,3.5,139,Irish,None,False,True,'no',39.954815805,-75.1836068183
-y5vYOsyL4bSFxeOtQtYbg,AJ's Fine Foods,Tucson,AZ,4.0,258,Delis,None,True,False,u'free',32.3244248352,-110.9316140628
opVXuS10_bDDS32xYZCQQg,Sorelle Restaurant,Spring Hill,FL,3.5,16,Burgers,True,,True,,28.3835233,-82.5515963
ONKvCIc4eIXG3nutUAFe3w,Lucky Girl Cafe,Tucson,AZ,4.5,11,Sandwiches,False,,False,,32.2213798394,-110.9265219153
zxuVnNVAUm16Sro0dS_lmg,Roundabout Grill,Reno,NV,4.0,244,Breakfast & Brunch,False,False,True,'free',39.5278513,-119.8143374
mCo2uVTTGYrEhRrkQW-CMw,Empress Garden,Philadelphia,PA,4.0,263,Taiwanese,None,False,False,u'no',39.9539403,-75.1563093
71b0dSgq1XTYYYWs24Fhow,Poké Poké Bowl,Tarpon Springs,FL,4.5,68,Asian Fusion,None,,False,,28.1551896,-82.7638098
nYRFGR2C-OOhRvO8rvI4qw,Mrs Marty's Deli,Broomall,PA,3.0,79,Breakfast & Brunch,None,False,False,u'free',39.959999486,-75.3536066
rEa9VdpOeqd6WkavK5vEZQ,Andre's BBQ and Seafood,Indianapolis,IN,4.0,9,Seafood,False,True,False,u'no',39.88521,-86.20977
NmzXH-HdWp-Sxdfnw3imUQ,Emoji Sushi & Teriyaki,Abington,PA,5.0,13,Steakhouses,True,False,,u'free',40.129672,-75.1169336
-LmhsdQproqCf5EQoD06rQ,The Fat ChickeN,Philadelphia,PA,4.5,10,Japanese,True,,False,,39.9227051442,-75.1861358061
JwaF-4Md76jgIHFK-ixwnA,Sally Starr's Pizza,Atco,NJ,3.0,14,Italian,True,True,False,u'free',39.778436,-74.87637
at82YGuTKWrVyY3lPHh7eg,McAlister's Deli,Des Peres,MO,3.5,34,Salad,True,True,True,u'no',38.602781331,-90.4377430103
ydIiHK4TE_wd7gAyifNUAQ,Chinese Restaurant,Philadelphia,PA,4.5,27,Chinese,False,False,False,'no',39.9538392,-75.1563293
eF_ZRFPS4QDHiCNPJ_Cl6Q,Generations Grill,Indianapolis,IN,3.0,10,American (New),None,True,False,,39.7175065,-86.0319452
Ox09FaCu-g0yuP6cMLWcyw,IslandVybez Jamaican Restaurant,Camden,NJ,3.0,5,Caribbean,True,False,False,,39.945755,-75.093563
3SBlKwlmBiYVjW2SKz0gwg,Tomasito's,New Orleans,LA,3.5,7,Cajun/Creole,,True,,u'no',29.9452438,-90.0674745
y3iKFTk_sgIXCT6fNcBn_Q,Chili's,Tampa,FL,2.0,114,Chicken Wings,True,False,False,'free',28.0550259,-82.4280458
C1n7Nea51yeHuHznuqzWvQ,Ryan's Meat Market & Deli,Saint Petersburg,FL,4.5,9,Specialty Food,,,,,27.8147072,-82.7726842
LRGbuufLJqxsDYsY7_Gx6A,Wendy's,Tampa,FL,2.5,13,Burgers,True,False,False,'free',28.0236,-82.5826138
WKryRgra3TnhfMNArU6Opg,Vinny Vegas Pizza,Phoenixville,PA,3.5,29,Pizza,True,True,False,,40.134271,-75.5151662
BneXfQCiGY7yBiumOe7GCw,Rilling's Bucks County Bakery,Warminster,PA,4.5,28,Bakeries,True,,,,40.1847851,-75.0583376
afsP-p_pr4ikrboB5MtUzQ,Los Compadres,Philadelphia,PA,4.0,12,Mexican,False,False,False,u'no',39.9553865,-75.1910637
WJeipqBVdQmVhnYrXlLb7A,Sam's Bar & Grille,Blackwood,NJ,3.5,16,Beer,,True,,,39.7891409,-75.0562241
7MaaaorooHRAqkQXcTqmrg,Nannie Francos Pizza,Philadelphia,PA,3.0,13,Pizza,True,True,False,u'free',39.922527,-75.1644732
ShJs6GQRJ7p_CaI1scxMkA,Pizza In & Go,Antioch,TN,4.5,16,Pizza,True,,,,36.047596,-86.6761529
4NidY2tw42l6iobbtai_kA,New Orleans Social House,New Orleans,LA,4.0,136,Tapas/Small Plates,False,False,False,u'free',29.9450631,-90.0672652
i45WZvp-Sg7MlELrHzlUxg,Crust N Fire,Mount Laurel,NJ,3.5,94,Burgers,True,,False,u'no',39.9787556,-74.8779393
gNqYUPKGfZJycaZhCsi7xQ,Marty's Cafe,Tampa,FL,3.0,14,Greek,True,True,False,,27.9764631494,-82.3297235912
Im5XYJ8jP3s85Lna48HcWA,Pizza 73,Edmonton,AB,1.0,6,Pizza,True,,False,,53.5999605,-113.395716
Iw7uhUS9D5gXESPr_DVHaA,Belgravia Hub,Edmonton,AB,4.0,27,Canadian (New),False,False,True,u'no',53.5125175,-113.5285441
f8GG-nvuzMpcGIs3cbKUkw,Mexico City Grill,Fishers,IN,3.5,63,Mexican,False,False,True,'free',39.9575011,-86.0383534
tj7aaF1AhAyiepySMHPK3w,Taco Bell,Indianapolis,IN,2.0,23,Fast Food,True,True,False,,39.693359,-86.149027
tVxL-Ygzwp8NMuxwvNmWRA,Los Potrillos,Philadelphia,PA,4.0,17,American (Traditional),True,False,False,u'no',40.0123759,-75.1124633
8bkSuPXdYW58QsUEOG77HQ,Taverna Food Spirits,Indianapolis,IN,3.5,35,Italian,False,True,True,u'no',39.8688431771,-86.1284977181
XAaXtqL1_HsI2t6FEIrA8Q,Living Room- Southampton,St. Louis,MO,4.5,5,Bakeries,,False,,'free',38.5928332,-90.2913927
ZoRlLcEsxrzfumd6wHa5Jg,Chemin a la Mer,New Orleans,LA,5.0,9,French,,,,,29.94896281,-90.0639061829
fT9j_qm86U0I9ZbJYccNhQ,Tacos Don Pablo,Plainfield,IN,4.0,10,Caribbean,,,,,39.7136216692,-86.3628355037
AeAXSy-FI2rJM451lmoJGw,Izzie's Ice,Nashville,TN,5.0,8,Desserts,False,True,False,u'no',36.176771,-86.745726
T5f-IRQWQYgFQbgO_kVkvg,Northbrook MarketPlace,West Chester,PA,4.0,60,Breakfast & Brunch,True,True,True,u'free',39.912781,-75.684904
k-Wb-2Y2RFGlaY00_Hm8Sw,Slice Of Heaven Pizza,Holiday,FL,3.5,66,Pizza,True,True,True,u'free',28.1790012359,-82.7431934248
wzIN0IqcNOnUjwuzRoG9AA,Sweet Soulfood,New Orleans,LA,4.5,385,Vegan,True,None,False,u'no',29.9737325598,-90.0807557021
JhWdq1s_kN-5N98rl-fc6A,Sylvan Park Restaurant,Nashville,TN,2.5,6,Southern,False,False,False,,36.0436104,-86.7123352
qC63cwAI-baLmbEdxbR3FA,Joel's Pizza Palace,Valrico,FL,4.0,44,Italian,True,True,False,'no',27.8937222,-82.2684033
n2HP8fenpzI7eg6TRDj4lw,Pizza Hut,Speedway,IN,1.5,32,Pizza,True,False,False,'no',39.7994921703,-86.2674245238
89VqFJf3COkgb6dL2AqXhg,Honey Baked Ham Company,Tucson,AZ,3.5,15,Sandwiches,True,True,True,u'no',32.3353660148,-110.9761994845
nFSqTOt1LZSHQQKQsUZiKw,Stargate Diner,Ridley Park,PA,3.5,71,Diners,True,False,False,'free',39.871518,-75.330174
KZe5kpIHWVuJl6WgNYzceg,Please-U-Restaurant,New Orleans,LA,4.0,274,Cajun/Creole,True,False,True,u'free',29.9367378,-90.0776308
Ck2WcubwhTRc8bgYQyH-SA,Mi Cabana Restaurant,Tucson,AZ,2.0,8,Seafood,True,True,True,u'no',32.1726617,-110.9679231
GyNGss56OYoAdg7ANI5M7A,Warm Springs Golf Course,Boise,ID,3.5,11,Active Life,False,True,True,,43.5924270408,-116.1650920836
EGWv78OQgeqfi4lXThlP8A,Top Notch,Medford,NJ,3.5,17,American (New),False,True,True,u'no',39.899,-74.8239
zG9-Ii9mea1JhnQTv4_DxA,Papa John's Pizza,Lansdowne,PA,2.0,21,Pizza,True,False,False,,39.938622,-75.2719456
iXemjTj5TOByT1-cNTSaDw,PureBread Deli,Newark,DE,4.0,64,Bakeries,True,False,False,u'free',39.692037,-75.666564
X7YBx8CybmIPymZ0ThCmng,Ninth Street Deli at Howards,Saint Louis,MO,4.5,128,Sandwiches,True,True,False,'no',38.6005985,-90.2143307
62hyRsi4-6pskqkgZGst8Q,Avalon Bistro and Bar,Bryn Mawr,PA,4.0,22,American (New),False,True,False,u'free',40.0215008489,-75.3187834471
wi4F4NUvxn7UWHvQ1Iiz7w,Annex,Saint Petersburg,FL,3.5,46,Convenience Stores,False,True,False,'free',27.7770193148,-82.6317201189
7wQEzj-0yOpLiANNLuUflQ,Deepwater Diner,Penns Grove,NJ,4.0,49,Diners,None,False,False,u'free',39.691701,-75.484253
-K_FDDqmOt6hJLTOPgpnlA,Fazoli's,Saint Charles,MO,2.5,32,Italian,True,False,False,u'no',38.7687386424,-90.5228420951
I2Yt74AzSQFfyQqgN7PSEg,Sheraton Indianapolis Hotel at Keystone Crossing,Indianapolis,IN,2.5,141,Venues & Event Spaces,,,,u'paid',39.9153605,-86.1084079
aiGR53whbF3kwZjU-CdNpg,NOLA,Edmonton,AB,3.5,9,Cajun/Creole,,False,True,u'no',53.5725305951,-113.5371780396
EYCTO4GfMAGIJFtOjV-Uxw,Leverock's Seafood House of St Pete Beach,St. Pete Beach,FL,4.0,6,Seafood,,,,,27.744602,-82.745516
l9mfP_p3LetJNM9V0XKmkw,Gunslingers,Clearwater,FL,2.5,6,Steakhouses,,True,,,27.8950021,-82.7150719
H3yoQNhw-AfdLIwScR1zXg,Divino Wine Bar,Philadelphia,PA,3.5,10,Italian,False,True,True,,39.9482333,-75.1726372
uNZvfcpwTNVxyPe9i1m90g,Taco Bell,Gilbertsville,PA,2.5,16,Tex-Mex,True,True,False,u'free',40.323843,-75.617467
rVfe1LHo55A2fworkm_jVw,Capofitto,Philadelphia,PA,4.5,205,Gelato,True,False,True,u'free',39.9485775068,-75.1450225711
18h9q-R5PdlSjkE1DGKHXA,The Lost Cajun - Mt Juliet,Mt. Juliet,TN,4.0,47,Cajun/Creole,,,,,36.1780039457,-86.5168370716
O6hY9yenifuRXrpc4TfgsQ,The Blue Duck,Philadelphia,PA,4.0,495,American (New),False,True,True,u'free',40.0571673033,-75.0304835714
VOGWnQHijIpURf4eNSvIaw,Imperial Asian Buffet,Land o lakes,FL,3.0,56,Buffets,False,False,False,u'free',28.190878,-82.458285
2gTnSpYBmg_5JubGpCtSQQ,McDonald's,Fishers,IN,2.0,41,Coffee & Tea,True,True,False,u'free',39.9276258761,-86.0256541474
0IG9w6YCkh-z5pnfSip6Nw,Tasty Noodle,Edmonton,AB,3.5,64,Chinese,True,True,True,u'no',53.4642729002,-113.4947454929
bMpKXcKFetJQsa42UR25cQ,Pravda!,New Orleans,LA,4.0,109,Lounges,False,True,False,,29.960245,-90.059869
txasGoZ1qB5toVaFiTbpmQ,The Brunchery,Tampa,FL,4.0,88,American (Traditional),True,None,,u'free',28.127905,-82.3691115
Ay2WvLj--MWd1Wa9Naa5Mw,Pho Cuong,Pinellas Park,FL,2.5,5,Vietnamese,False,False,False,u'free',27.8518555,-82.7005748
FnDIgu-rwGr1P8_hFHBocQ,B2 Country Saloon,Brownsburg,IN,3.0,5,American (Traditional),True,,False,,39.8517691,-86.3847325
4yKv0SEpuJDHECFinhifWQ,Quinn's Restaurant & Lounge,Boise,ID,3.0,75,Steakhouses,True,True,True,u'free',43.595022,-116.214032
PwPlORKIYRQlm_vpQ72WUA,Village China Wok Buffet,Hazelwood,MO,2.0,5,Chinese,False,False,False,,38.785992,-90.352844
Cpl1-0iX6N7yauiJKhpXfA,Hong Kong Star Noodle House,Bensalem,PA,3.5,50,Chinese,True,False,True,u'free',40.111675,-74.955319
YlEBQLfRHocJDn4gRlgczw,Brick City Eatery,Lutz,FL,4.0,114,Beer,True,False,False,u'free',28.189368941,-82.540934119
d91RHJeZE-I7TaeQdBp6MQ,Five Guys,Harahan,LA,3.5,89,Fast Food,True,True,False,u'no',29.9599745904,-90.1852179534
SOl2m-ZsAmnCuQGdMZeANQ,Red Pepper Chinese Food Express,Isla Vista,CA,3.5,5,Fast Food,,,,,34.411727,-119.8567951
Dd_FDQPmNYWjj2NweX-3jA,Maria's Place,Edmonton,AB,4.0,5,Canadian (New),,,,,53.570039,-113.468559
k6XrnjX2TBM_nDzD_XA9NQ,Terrace Lounge,Reno,NV,3.5,84,Arts & Entertainment,False,True,False,'free',39.4972231,-119.8010219
pIY1UltfmUX--6yrAhg-mQ,Jack's Steaks and Shakes,West Chester,PA,2.5,25,Steakhouses,False,True,False,,39.960562,-75.604604
1PYqegX1SruVbkCsRF-4lA,Opry Backstage Grill,Nashville,TN,3.5,195,Southern,True,False,True,'free',36.2177772,-86.6949403
37yDMpWI6HBO2iW8slv7_Q,Tutti Frutti Frozen Yogurt,University City,MO,4.0,52,Juice Bars & Smoothies,None,True,False,u'free',38.6592269326,-90.338040106
-V0vIgo6196MDn_x3ZaYmA,La Creperie Cafe,Philadelphia,PA,3.5,146,Cafes,False,False,True,u'no',39.9506242,-75.1697297
YPnksHT2DQA0AhcxP6udxw,Corner Bakery,King of Prussia,PA,3.5,63,Cafes,True,False,False,u'free',40.08705,-75.395706
JjcAJybTnaoZ4vdGzf538Q,Romanos Pizza Express,Tampa,FL,3.0,13,Chicken Wings,True,,False,,27.997710165,-82.4845614652
UhjfJpaAzgSYrTZ_dMMF1Q,Philly Diner,Essington,PA,2.5,129,Diners,True,False,False,u'no',39.8674080649,-75.3082371545
8xz4jzsKSU10CFvbHhYJXw,Joe's Crab Shack,Indianapolis,IN,3.0,62,Seafood,False,True,False,'no',39.9062719,-86.0987866
ZMJz4ekxrcZdhBcnK4B_6g,Kurry Shack,Philadelphia,PA,3.5,29,Vegetarian,True,True,True,u'free',39.9229257,-75.1525267
H-8Z-HoiattyFaZSv6M2XA,Big Heads of Holland,Southampton,PA,2.5,12,Sports Bars,False,False,False,u'no',40.175131,-74.984049
2JvQsqJ5-bJGf_jVQKakDQ,Gringo Tacos + Burgers,St. Louis,MO,3.5,174,Mexican,True,True,True,u'free',38.6305572048,-90.1901568674
AEOd0wRdjeLIXb1usSp9hg,Kung Fu Noodle,Tucson,AZ,4.0,217,Dim Sum,True,False,True,u'free',32.2636803,-110.9431659
UU48d45ZXJV1Sb8_Pmpvjg,Dragon City,Brandon,FL,2.5,25,Chinese,True,False,False,u'no',27.8931397,-82.273059
UaovDcnP0QzsmGf6vXvg9w,Rocchino's,Philadelphia,PA,3.0,20,American (New),False,True,True,u'no',39.948818,-75.1456539
5ODCsQbRdsFIWlypGF3iUw,Brandywine Brewing Company Restaurant & Brewery,Wilmington,DE,3.0,28,American (Traditional),False,True,False,,39.7768783,-75.5950446
x2J-YIFeGZ-nsezzooVA9g,Twenty 21,Philadelphia,PA,3.0,8,Restaurants,False,True,True,,39.9541083,-75.1746706
-ksLHy9XXZVYuIVowdRc_w,Shiraz Wine Cafe',Carmel,IN,2.5,39,American (New),False,True,True,u'no',39.978529,-86.131936
EBn3U4mpnIRLIy2lKuilRQ,Logan's Roadhouse,Nashville,TN,2.0,120,American (New),True,False,False,'free',36.1119137436,-86.766502
-e25gkrazUCBqcSdgsmHGQ,Papa John's Pizza,Brentwood,TN,3.5,12,Pizza,True,False,False,,36.0361266,-86.7877036
y0pfoNQOyrb98aEIdH6cnA,McDonald's,Morrisville,PA,2.0,20,Burgers,True,True,False,u'free',40.2104139103,-74.7951225
kLS3Sth5HvO0IjrXCCvXxA,Wawa,Philadelphia,PA,2.5,45,Automotive,True,,,u'free',39.953351,-75.172624
sdWuLh-auc0nC2Jy6_26AQ,The Black Sheep Pub & Restaurant,Philadelphia,PA,3.5,339,Pubs,None,False,False,'free',39.9484223,-75.1692901
SHk_eYKzIOPvgwvTThtXiQ,Romaine's,Goleta,CA,3.5,6,American (Traditional),,,False,,34.4115477,-119.8439999
UBJ99FRrRQSEypU5CtjGBw,Mirama Dining & Lounge,Edmonton,AB,3.0,9,Dim Sum,True,False,True,,53.545739,-113.4782234
jFmS7S0kU5ZQHSm4jqymQw,Vegetate,Philadelphia,PA,3.0,19,Sandwiches,False,True,False,,39.9539284,-75.1886632
o2ETM4XZXENkzuAaYT2GIg,Sen Thai Asian Bistro,St Louis,MO,4.0,181,Cocktail Bars,True,False,True,u'free',38.631047559,-90.1941606669
ncxN9II-MeXRudUrE3GVsA,Bridgeport Rib House,Bridgeport,PA,3.5,135,Barbeque,False,False,False,u'no',40.0991065,-75.3513976
1JHPRGTHrrSIcKDGzsXddQ,Logan's Roadhouse,Plainfield,IN,2.5,76,Steakhouses,True,False,False,'no',39.714395,-86.354627
1Pxg1AMf0rEn9QF__ZYoWw,Samurai Sushi,Nashville,TN,4.0,367,Japanese,True,None,False,u'no',36.1510902665,-86.8037759995
hr1XaVzp6htS41LjwKjIbQ,Stella Maris Restaurant & Hookah Lounge,Arabi,LA,4.5,78,Cafes,True,True,True,u'free',29.9594566,-89.9931219
NvMYRJ_wPJmt4FFsEF7O0A,Perfect Taste,University City,MO,4.0,65,Szechuan,True,False,True,u'free',38.6556212656,-90.30247748
CtNglIJY2yp05rZpG9F3tA,Sultan Market,Tampa,FL,5.0,10,Middle Eastern,False,False,False,u'free',28.0321886941,-82.4183867103
G6kRQylkjNNE-yUXM2muBg,Brandon Bagels,Brandon,FL,4.5,119,Bagels,True,,,,27.9382531,-82.2973831
TqgsB91kKWjU4aKGR4GCgQ,Brother Paul's,Eagleville,PA,3.0,85,American (Traditional),False,True,False,u'free',40.1595512,-75.4085693
3OGzmGqWwsyGLkhnxrA9Pw,Gourmet Pizza Company,Tampa,FL,4.0,185,Pizza,True,False,False,u'free',27.937948,-82.484684
vDhOjSNfgA4eE1Rj88-XDA,Safehouse,Tucson,AZ,3.5,23,Coffee & Tea,,True,,'free',32.235893,-110.906672
CGVpuQ3FpPWyYFQJQlsjLQ,Mole y Abuela,Tampa,FL,4.0,201,Spanish,True,True,True,u'free',27.9536077,-82.4604458
nPgRFNyRYW5xG4MkWzc_iQ,Station 52 Sports Bar & Pizzeria,Mendenhall,PA,3.0,42,Delis,True,True,False,u'free',39.8534084,-75.6407886
Jy1Cu7KvaVlYCyze8-3krQ,Motley's on Main,Saint Charles,MO,3.5,12,Desserts,False,True,False,u'free',38.7771868,-90.4832003
EDprNnmwty4XypvqgVZVgg,Dairy Queen Grill & Chill,Indianapolis,IN,3.0,28,Fast Food,True,True,False,'no',39.6941240485,-86.07954048
28XH9UYU-uGajC0Nz5Bwog,Dairy Queen Grill & Chill,Springfield,TN,2.5,7,American (New),True,True,,,36.4880525767,-86.8650939269
eS4billU3Yd9hoVUFfZFbA,Skyline Chili,Clearwater,FL,4.0,81,Hot Dogs,False,True,False,u'free',28.0338251,-82.7391913
TMT9U2da4ewGbk38X54KJA,Hackett's Causeway Cafe and Creamery,Dunedin,FL,4.5,102,Coffee & Tea,None,True,False,'free',28.0489350817,-82.7799664065
Yll7kUVI7j0gArBMQKpEaQ,High Brow Coffee + Tea,Franklin,TN,4.0,125,Breakfast & Brunch,False,True,False,u'free',35.929464,-86.919329
iHC-f9m5EEOIJMXCW3bmBA,Swagruha Indian Cuisine,Maryland Heights,MO,2.5,35,Bakeries,True,False,True,'no',38.713891,-90.4494678
CmDTNEVReN6CgE6ctlZhag,Subway,Indianapolis,IN,3.0,7,Sandwiches,True,,,,39.6767013813,-86.3098830231
UwAqOh7QDJz9m9scQxH9iA,Panago Pizza,Edmonton,AB,4.5,6,Pizza,True,False,False,'no',53.4999118,-113.6296212
ajfBGoRGUzhD0fTXLENcrw,Asahi Sushi & Asian Grill,Belle Chasse,LA,4.0,56,Japanese,False,False,True,u'no',29.8635757,-89.9964664
PwcYNxBGzefCM1ofAMZJ9Q,DK Donuts,Boise,ID,4.0,56,Donuts,,,,,43.6219161,-116.2065136
AtYDSsVOZT8DLWCcTBqZmQ,Hunnies Crispy Chicken,Philadelphia,PA,2.0,5,Chicken Shop,None,,,,39.9491591674,-75.1671322221
KxrXqdsgT7lcghhNk00z6w,Jerry Bob's,Tucson,AZ,3.0,33,Breakfast & Brunch,True,False,False,'no',32.350026,-111.0994
3XirYkP9PJvVXIEDPNNXLA,Crown Candy Kitchen,St. Louis,MO,4.5,558,Specialty Food,False,False,False,u'no',38.651334,-90.197874
9_m_iA3VAqGBJEW5XLc-5w,The Cuban Sandwich Shop,Indianapolis,IN,4.5,506,Cuban,False,False,False,u'no',39.906797,-86.2182121
_fAhTRXw4bDaxqmzseSWJg,Donatello's,Maryville,IL,2.5,11,Italian,False,False,False,,38.7336379,-89.9506632
0SZy4uieBzBzg54vRdAfgw,Panda Express,Indianapolis,IN,2.0,6,Chinese,,,False,,39.92633,-86.0448719
3CsBRtDT5WOUu8IY0mHhXw,Slices Pizza,Philadelphia,PA,4.0,122,Pizza,True,True,False,,40.0096537,-75.1954732
7l-j0MBJr8KR7Hzk4uaaAQ,Wingstop,Metairie,LA,2.5,87,Chicken Wings,True,False,False,'no',30.0045163,-90.1884469
xHdekRjTK93GR2AgtvrtgQ,Growler's Taphouse,Tucson,AZ,3.5,149,Beer,True,True,False,'paid',32.3573574258,-111.1140279582
FYw5uf26ry8-MuPKD10z0Q,Josef's Vienna Bakery & Cafe,Reno,NV,4.0,382,Grocery,True,True,False,u'free',39.4920598234,-119.8060837054
s3Pu9q7owaaBatuv8DRJug,O'Charley's Restaurant & Bar,Indianapolis,IN,3.0,11,Breakfast & Brunch,False,True,False,,39.914861,-86.225939
0CLCzdedGT2DPjkYM52Tqg,Brewsters Brewing Company & Restaurant,Edmonton,AB,3.5,37,American (Traditional),True,True,True,u'free',53.5201345852,-113.5962501821
s-7Q1GAQmB-Qsm_UwviHVA,Lone Star Steakhouse,New Castle,DE,2.0,15,Steakhouses,False,False,True,'no',39.6640748,-75.6066333
nsE1a_TATbVc1rjAvK42Mg,Cheesy Rider,Tucson,AZ,3.5,7,Food Trucks,,,,,32.3408464,-111.0149434
S5yNs8wzFRcJ6Qr7iobdoA,Paradise Jamaican Cuisine,Morrisville,PA,4.5,19,Soul Food,True,,,,40.216635,-74.78161
BrYoQyygyIb-FsVJ0AMpLg,A Matter of Taste,Nashville,TN,4.5,29,Local Flavor,False,False,False,u'no',36.1266822,-86.7775881
v_k6TaygyFq1YkjdtwPWpQ,The Dutch Cottage Tavern,Schwenksville,PA,4.5,29,American (Traditional),None,True,False,'no',40.2269717,-75.406862
16zHT7zp6K9IEQZ1oW6xXg,PB's Diner,Glassboro,NJ,2.5,119,Pubs,True,True,False,u'free',39.7136834654,-75.1113189153
zOXvoQVFElBEhz__YT6VNw,Logan's Roadhouse,Madison,TN,2.0,62,Steakhouses,True,True,False,u'no',36.295855,-86.699384
fdqBP3kBrZHRHzQkoiNJ3g,Ho-Ho Chinese Restaurant,Saint Charles,MO,3.0,34,Chinese,True,False,False,u'no',38.77677,-90.529285
oHAAlU_Yts_avncJK0hJpw,Barro's Pizza,Marana,AZ,3.5,116,Italian,True,False,False,'no',32.3540985457,-111.0903744749
uPVKWy0VeMMHMJ0V87nMMw,Rolynos Original Pizza,Indianapolis,IN,3.5,33,Pizza,True,False,False,'no',39.7759919521,-86.2499258245
nP4LqTcK1USiw5WnbOjW7A,Marrakesh Express,Philadelphia,PA,4.5,48,Moroccan,True,False,False,,39.9567155,-75.2100343
iHV3uBo1N9ETBtuEqdDsWQ,Sun King Broad Ripple,Indianapolis,IN,4.0,97,Beer Bar,False,True,,u'free',39.8693211,-86.1407479
ZapDvyE7lJxVxlmeeKyjkg,Daisy Mae's Southern Fried Chicken & Breakfast,New Orleans,LA,4.0,267,Breakfast & Brunch,True,False,False,,29.9500396,-90.073689
cIohvIbTq6qN7god-sx1zg,Sea Turtle Restaurant,Saint Pete Beach,FL,4.0,262,American (New),True,True,False,'no',27.720594,-82.73949759999999
59fWFpyDg01BTEH-Hh6jdw,McDonald's,Claymont,DE,1.5,25,Coffee & Tea,True,False,False,'free',39.794113,-75.4673805
j-lxie7nEh3UeUTpiqekkQ,Presto Pasta,Santa Barbara,CA,3.0,8,Italian,False,True,False,,34.4242779,-119.6833015
iZcob4XzyjQnF1QB5ffAcg,Pub 990,Pottstown,PA,3.0,11,Pubs,False,False,False,u'no',40.2439864447,-75.6281514917
REns5fQe45Nk_D2UwQyr0w,Barra Restaurant,Philadelphia,PA,2.5,117,Pizza,True,True,True,u'free',39.948818,-75.1456539
u75fYA_bwkfWK6yvdfveCA,Opas Grill,Tucson,AZ,4.5,36,Greek,True,True,,,32.2280786,-110.9654562
1NCUTTp6rIyXpwUDVv9qOA,Lazos Pizza & Grill,Philadelphia,PA,4.0,176,Pizza,True,False,False,u'no',39.9727751034,-75.1789870874
Rply0vEJrwuAa1vOvJgTnw,ShopRite of Eddystone,Eddystone,PA,3.0,15,Delis,,,,,39.864913,-75.340133
tz3Vj8nR3CKe3nZrZgJxVw,Aroma Grill and Bar,Bensalem,PA,3.0,8,Beer,False,False,True,,40.0922927,-74.9418765
qpfMY-wl7sm1SChElC6vtQ,German Bistro,Tampa,FL,4.0,25,German,,True,True,u'no',27.88766,-82.493632
byb88TuDmgiobijc0pAuog,Happy Ending Food Truck,Plant City,FL,5.0,10,Food Trucks,True,True,,,27.9216909,-82.116955
k3EQAQGptzHzl6oEoas61w,Ithai & Sushi Restaurant,Largo,FL,4.0,63,Thai,True,False,False,'no',27.8730288,-82.7875025
to95MZH1XV_fNLOXNMZQmQ,Taco Bell,Indianapolis,IN,2.5,21,Mexican,True,False,False,u'no',39.911536,-86.219848
eyygWXF-2DAdMASOP_odbQ,The Hearth,Havertown,PA,4.5,19,American (Traditional),,True,,,39.984371093,-75.3068932146
xkTjLbBC7uB-rAIDqAm-sw,Los Comparres,Tampa,FL,4.5,339,Street Vendors,True,True,False,u'no',27.995155,-82.48414
oR3iGLhTW3UiABNEhmMcUg,Taco Bell,Edmonton,AB,1.5,6,Mexican,,,,,53.5416544,-113.4175072
oVlS3TqJLq6ogSo9tI_U0Q,Gasparilla Pizzeria & Growlers,Valrico,FL,4.5,57,Pizza,True,True,,,27.894254,-82.268108
ERl6OCSEIFBOqfjai_jIUg,La Parrilla Suiza,Tucson,AZ,3.0,125,Mexican,True,False,True,u'free',32.25642,-110.97746
Yv9KUZ-N3otoKUtToPPxAg,The Hattery Stove & Still,Doylestown,PA,4.0,274,Breakfast & Brunch,None,True,True,u'free',40.3096366381,-75.1309594139
DEA4JFXFAfRP6p7l39Jauw,Pei Wei Asian Diner,Franklin,TN,1.5,15,Asian Fusion,False,True,False,,35.9351651426,-86.8261094067
hRHhP3fhMy3LktPyQa3s_A,Landry's Seafood House,Saint Louis,MO,3.0,297,Steakhouses,True,True,True,'free',38.6276882,-90.2089256
cXAKeC-EgVChIxhS7fscmw,Ghini's French Caffe,Tucson,AZ,3.5,427,Breakfast & Brunch,True,True,True,u'free',32.2735760993,-110.944434852
RY8I-VP7g-BMfGOSMA2lgg,Smitty's Family Restaurant,Edmonton,AB,3.0,5,American (Traditional),False,,False,,53.4548546821,-113.4293917044
Egf9_djIH7jbgOSZZQGUqw,Pizza Hut,Smyrna,TN,1.0,21,Pizza,True,False,False,'no',35.9933900991,-86.5277291043
U3ymuxVlD8yPVbJZbYqzhQ,Mokka Kaffeehaus,Columbia,IL,3.0,6,Coffee & Tea,False,True,False,u'free',38.4458936,-90.2195384
HHWTWs8sa7cE3ksH3_BCTw,Fa Caldo Caffe,Philadelphia,PA,4.5,19,Coffee & Tea,False,True,False,'free',39.9280696,-75.1602342
n6zEr09OC7WigrxfQ4rjQQ,Rickenbacker's,Tampa,FL,4.0,5,Beer Bar,,,,,27.8534777946,-82.4822765156
yYuRiXwKTRP46dsyMVstKA,Organico Pizza,Marlton,NJ,4.0,121,Tacos,True,True,False,u'free',39.8926492779,-74.9216213264
sjNVeNqhDjEFHoOybnt2ug,Meun Fan Thai Cafe,Goleta,CA,3.5,157,Thai,True,True,True,'no',34.441504923,-119.8230233788
qHCfhWPyb1GXpzq9Wk3Vkg,New England Pizza,Philadelphia,PA,3.0,22,Pizza,True,False,False,'no',40.0400368,-75.0662936
Y1QKeVZSvhnAZnO26SK6QQ,Nordstrom Grill,Nashville,TN,3.5,33,Cocktail Bars,False,False,True,u'free',36.1065328983,-86.816454
jW4a3W9-UkFxpglHvo_Kqg,Meun Fan Thai Cafe,Santa Barbara,CA,4.0,195,Soup,False,None,True,u'no',34.401169,-119.721505
HLNtxaFvvHFx9whiptQzOg,Kalakutah Republic Grill,Indianapolis,IN,3.0,17,Performing Arts,True,,True,,39.8343073642,-86.2393748255
xZfQSLDjtqqmF1JfluXZng,Original J’s Tex-Mex Barbecue,ST. Louis,MO,4.0,40,Mexican,None,,,,38.64873,-90.327326
KA9WEoGHr9Ae0pFXZqzylQ,Rue 13,Saint Louis,MO,3.5,28,Dance Clubs,False,True,,,38.6322076,-90.1987397
W15EwFMmF4I-YPV_HlevYA,Joeys Urban,Sherwood Park,AB,4.5,7,Poutineries,False,,,,53.531681,-113.292961
yuJ-ww3yxr6_gs7Lcj7pJA,Black’s Blues,Mount Laurel,NJ,3.0,8,Caribbean,True,True,True,u'free',39.9281822,-74.9540302
ASEt7HnmxVXYr3fezrahCA,Ob's Jamaican Restaurant,Chester,PA,4.0,29,Caribbean,True,False,False,,39.8406648,-75.3714984254
q61niB21oQPmZlO3wsSO7Q,Arby's,Largo,FL,2.0,14,Fast Food,True,False,False,,27.8842992,-82.787684
8ihWBaqzn5hx4kwQm87GzA,Mawi Tortillerias,Metairie,LA,4.5,50,Bakeries,True,True,,,30.0167047,-90.200741
OP-m-Kq-1aEWrrlaszFi9w,Ramble Pizza,Philadelphia,PA,4.5,19,Pizza,False,False,False,u'no',39.9793657,-75.1253492
a7ZmzKZRhVjKaJBZ7zIGzg,The Dish Bistro,Tucson,AZ,4.0,69,Beer,False,False,True,u'no',32.2354037,-110.9255968
prEEus2L3Xo01nOvs2MaKg,Main Street Bakery NPR,New Port Richey,FL,4.5,5,Bakeries,,True,,,28.2499926333,-82.7234616503
R0HjMCL_m5wjBeUpOXqzdA,Twistee Treat - Sheldon,Tampa,FL,4.0,58,Juice Bars & Smoothies,,True,,'no',27.998621,-82.5828717
4fQPIhCh2bUJBZcxQlLGFQ,Number One China Buffet,Carmel,IN,3.0,54,Buffets,True,False,False,'no',39.9627670692,-86.117717809
TDKBPcViJQDMrdUm6a9XZA,The Depot Craft Brewery Distillery,Reno,NV,4.0,1245,Brasseries,True,True,True,u'free',39.5311073,-119.8096181
XX2PSfT4xuHq0yuoPIge1A,Books & Brews - Zionsville,Zionsville,IN,4.0,66,Breweries,True,False,False,u'free',39.9518148443,-86.2781691611
i7akkU95QVETwwX8D2qH-Q,Joe Gambino's Bakery,Metairie,LA,3.5,151,Bakeries,True,,,,30.006131153,-90.191617012
f_6cI4MdPem_48WgD1Ofcw,Clara B's Kitchen Table,Swansea,IL,5.0,5,Southern,,False,,,38.4749780415,-89.9908761308
eOeKgRKbs-iAsIEOmHTrYg,McDonald's,Upper Darby,PA,1.0,10,Burgers,True,,False,,39.9573732697,-75.2576498687
lT-RDsvFR21X1_5UhFp5Dg,Sue's Market,Philadelphia,PA,4.0,9,Beer,False,,,,39.946233,-75.1455404
lTqAGjcQHeY3eTXBTIcvkA,Frothy Monkey,Nashville,TN,4.0,45,Breakfast & Brunch,True,True,,,36.1733768,-86.7396448
q2s15GwZr6NdTH-HtSirsA,Speedway Eatery,Saint Louis,MO,3.5,7,Food Trucks,,,,u'no',38.7884682,-90.403094
sjQyfgj4wUeVIRY0jYUOFg,Polos Social Lounge,Sherwood Park,AB,3.0,21,Lounges,True,,True,,53.5579539459,-113.2708916795
mLNSOU8Ki0Fm09xd6ZKkcA,Timpano Hyde Park,Tampa,FL,3.5,380,Music Venues,False,True,True,'free',27.9370426822,-82.4760082753
rg6z4zFMxjj16qAnJ65gxg,Chevy’s Famous Thin Crust Pizza,Philadelphia,PA,4.0,13,Sandwiches,,,,,40.0582111,-75.0868253
xR3inMR2KceU3b9dhkz_tw,Lascelles Granite City,Granite City,IL,4.0,48,American (Traditional),False,False,True,u'free',38.7013281,-90.1494623
SJIQFKTW6uUsOo29w9IHxw,Mambo's,New Orleans,LA,4.0,1223,Cocktail Bars,True,True,True,u'free',29.9566684,-90.0676513
u1ELaa77voUfj-2GCOIUmQ,Fazoli's,Nashville,TN,3.0,27,Italian,True,False,False,'free',36.0807586,-86.722677
yPzni14snM06Kk5xLy6e6w,Wang Cai,Greenwood,IN,3.5,31,Fast Food,True,,,,39.612678700000004,-86.1575896
7HuLn0qcyaM3yieKDu7aSQ,The Boyz Subs & Steaks,Cherry Hill,NJ,3.0,14,Sandwiches,False,False,False,u'no',39.920343,-74.964441
Ppmdzznk7jR8YRyei79_Xg,Almaz Cafe,Norristown,PA,3.5,11,Ethiopian,False,False,,,40.1145214889,-75.3452384037
6nhKTMtbqY4NPr-QFxQNoA,Golden Corral Buffet & Grill,Shiloh,IL,2.5,38,Buffets,True,False,False,,38.574025,-89.9238064
mQvRi0nm84Www71d4qOheQ,Ekta Indian Cuisine,Bryn Mawr,PA,4.0,193,Seafood,True,False,True,u'no',40.0238364666,-75.3226478981
P_mujg3kYmFXSkGlMfAWCA,Quality Pizza,Lansdale,PA,2.5,8,Pizza,,False,False,,40.2396061,-75.2798745
mUIBtlWNPD7sz3rGGWQ1RA,Kanella,Philadelphia,PA,4.5,579,Mediterranean,False,True,True,u'free',39.9463322,-75.1579478
MqM7ACk2dMtx-F_Rlc7Suw,Coney Island,Zephyrhills,FL,3.5,63,Hot Dogs,False,True,False,'no',28.2353642102,-82.1826653295
Ckn7S0CRWfC8w6gR7QJcRw,Chido,New Orleans,LA,4.0,17,New Mexican Cuisine,False,,,,29.9693606027,-90.0521436151
4ziM5sfg9PfPGTysDJPLLg,Masso's Water Ice and Custard,Gibbsboro,NJ,3.0,8,Ice Cream & Frozen Yogurt,,True,False,u'no',39.8415410182,-74.9637880549
X6GzniQjbm3YFWWwzDrBkg,Turmeric Indian Cuisine,Gretna,LA,4.5,120,Indian,True,False,False,u'free',29.9072703957,-90.0618257695
I2xoIjcjxQHRg4-5msu8tg,Lima Fusion,New Hope,PA,4.0,33,Caribbean,True,,,,40.3636448,-74.9508796
6h98Tb1tE6hcrS-Ho_MKLw,Darrell and Sharon's Park Street Diner,Saint Petersburg,FL,4.0,23,American (Traditional),True,True,False,u'no',27.8116580618,-82.753661832
hxEo_CKsmSMGXcHNLR9oow,Lulu's Pizza Bar,Philadelphia,PA,3.5,26,Pizza,True,True,True,,39.9501019,-75.1451657
hXtXBZAP30-9dgxpzpBekQ,Land of Smile,Saint Louis,MO,3.5,15,Thai,False,False,False,,38.6732978,-90.3887598
vF32KjPs8BgltSa484P1Yg,Euro Grill,Nashville,TN,4.0,26,Mediterranean,True,True,False,,36.0904461,-86.6953542
TTUsGHhMch_hW03be2H0oA,Acajutla,Edmonton,AB,3.5,42,Salvadoran,False,False,True,u'no',53.5515737992,-113.516133992
z3Zv5di2BEok__snpopeBA,Largo Golf Course,Largo,FL,4.0,5,Active Life,,,,,27.8868646407,-82.8209533229
G047PcbKKb0YHwtpfZE8yg,Franks Restaurant,Alton,IL,3.5,32,Breakfast & Brunch,False,True,False,u'free',38.9225356072,-90.1721286994
xrzpuSMX3VVjzAGXu6yjRQ,Fred's,St Petersburg,FL,3.5,7,American (New),,,True,,27.7787400601,-82.6294673642
_FlhRk9KjdXyE0sLxUdEBQ,Commonwealth Kitchen,Philadelphia,PA,3.5,38,Cheesesteaks,True,False,False,'free',40.04186,-75.0275663
V3BE5TB1LOWbne3r-fWLsg,Kind Grinds,Tampa,FL,4.5,6,Food Trucks,,,,,27.9565429,-82.4265217
JvawJ9bSr22xn4R9oLvl_w,Desire Oyster Bar,New Orleans,LA,4.0,1084,Southern,False,False,True,u'free',29.9555269925,-90.0681538393
07i5EdI8v2FBhVV-rya8Wg,Pupuseria & Cafeteria Centroamericana,Tampa,FL,4.5,137,Latin American,True,False,False,u'no',27.9809251,-82.4855927
Ho0uAnaLL57On7enESYfeA,Imo's Pizza,Fairview Heights,IL,2.5,22,Health & Medical,True,False,False,'no',38.5932761,-89.9910013
cbRRzQyV60C9-dSnJITa6A,Latin Twist,Boise,ID,5.0,5,Latin American,False,True,False,u'no',43.598041,-116.2048329
yJqN-U9dUylYEwTr8SBP1Q,Grain and Berry,Riverview,FL,3.5,43,Vegan,True,,,,27.799635,-82.335347
O8RzM_uLVEnDWEhX3whqtQ,Sonic Drive-In,Bellevue,TN,1.5,34,Ice Cream & Frozen Yogurt,True,True,False,'no',36.1083438,-86.9230086
dSPA4yql9vUwnYRxHiVtHA,Makiman Sushi,Philadelphia,PA,3.5,209,Sushi Bars,True,True,True,u'no',39.9466853,-75.1639951
Utc1KFuFQ-wwLiUTj5FvmA,Domino's Pizza,Philadelphia,PA,2.0,26,Sandwiches,True,False,False,u'no',39.9178706,-75.1869588
YdpDpp130fxiX2DUdQLSqg,Bardea Food & Drink,Wilmington,DE,4.5,181,Italian,None,True,True,u'free',39.742496,-75.54969
Snjg9ED5u3n-Fx0whMWAfA,Le's Vietnamese & Seafood,Metairie,LA,4.0,24,Sandwiches,False,True,True,,29.9757248874,-90.1758694457
knA3b_WnHUJAyrIzzL9Lrg,Earl of Sandwich,Tampa,FL,3.5,100,Event Planning & Services,True,True,False,u'free',27.9656004,-82.5207316
Tdz-vjDRKI6LRzyaW3BMkg,Charlie's Roast Pork,Philadelphia,PA,4.5,30,Breakfast & Brunch,True,True,,,39.9315335419,-75.1496175304
Q5odYgHa-ApKOPVrEFmRQA,Centro Cantina,Tampa,FL,3.0,107,Music Venues,False,True,False,u'free',27.960583,-82.441572
CR4JNMaB4FLBuqgyj79ZRQ,eegee's,Tucson,AZ,3.0,35,Fast Food,True,True,False,'no',32.13398888,-110.8383689
gq4zw-ru_rkZ2UBIanaZFQ,McDonald's,Philadelphia,PA,1.0,38,Fast Food,True,False,False,,39.9720955382,-75.1588091254
b4DcNSlKBGIoOmX7PLxmWw,Wildflower Grill,Edmonton,AB,4.0,105,Canadian (New),False,True,True,u'free',53.5392274,-113.5044906
xDqifhzRrOOYMOgOtWvyWQ,Waffle House,Nashville,TN,4.0,19,Breakfast & Brunch,False,False,False,'no',36.1359726711,-86.7244343659
Qm9C0MiecSDJfkjkbkyoaA,Instead of Flowers,St. Petersburg,FL,5.0,6,Vegetarian,True,,,,27.8568498,-82.6487873
ABp0BSeiYty6EpVW2ScO-w,Fleur-De-Lis Nutrition,New Orleans,LA,4.5,5,Health Markets,False,,,u'free',30.0202011,-90.1113103
EP8aZWRSxrGgpp86cpXFuw,Mongolian of Eagle,Eagle,ID,4.0,45,Mongolian,True,True,True,u'free',43.691703,-116.351951
iwlPkTBb2CtjD0oe-baXnA,Imperial Pizza,Secane,PA,4.0,79,Pizza,True,False,False,u'no',39.914972,-75.309664
a8Q2bvUW6mAiws7xW7cS6g,KFC,Exton,PA,1.5,45,Fast Food,True,,False,'free',40.0288224113,-75.629475
QrO4-F28JK4mQLP3eDbQ0A,L'Acadiane,St. Louis,MO,4.0,36,Bars,,True,False,'no',38.6174084587,-90.2127941054
0cB1kDuZCvSwpJrNdtQP8Q,Giordano's,Indianapolis,IN,3.5,284,Pizza,True,True,True,u'free',39.7681769,-86.1596387
b2IDM2SC0HkcflLl_nSTrA,Danny Boy Beer Works,Carmel,IN,3.5,187,Pubs,True,True,False,u'free',39.971541,-86.197146
nvb8SFi1-LzaQHEhUnw_7g,Gators Cafe & Saloon,Treasure Island,FL,3.0,301,Desserts,False,True,False,u'free',27.782549500000002,-82.7816064
oYzq49fG7jokPLQ38bFMOw,Hachi,Chalfont,PA,4.5,258,Japanese,False,None,True,'no',40.266182,-75.225904
zbvu8pRKcOQqdjqRGbncyQ,Cheddar's Scratch Kitchen,Hendersonville,TN,3.0,117,Southern,False,True,False,u'free',36.3214422787,-86.5986949568
BWITd9JUXP3gSi1z3Y-z8g,In Riva,Philadelphia,PA,4.0,729,Italian,True,True,True,u'free',40.0078746,-75.1924072
0YiRkVMR2cg17hk9u6nGhg,Elicia's Pizza,Saint Louis,MO,2.0,59,Pizza,True,False,,,38.5982131,-90.2367192
eWGdkt9fdwg7aKboaZIVQQ,Uncle Maddios Pizza,Lutz,FL,4.0,103,Salad,False,True,False,u'free',28.1279022,-82.504413
tr5Os7k3FpPz7NbWYwZa5Q,Vela,Doylestown,PA,3.5,68,American (Traditional),,,True,,40.3193924,-75.1322364
4JQ0hePJAlBepDzb20_32g,Beanie's Bar & Sports Grill,Ruskin,FL,3.5,80,American (Traditional),False,True,False,'no',27.704314281,-82.4425658705
6VOoXgAP2QCXHHFioUGeOQ,Rice King,Indianapolis,IN,3.5,24,Chinese,True,False,False,u'no',39.8396515,-86.0208823
7BdU02Hf1QQx5YE3WYGcxQ,Checkers,Tampa,FL,1.5,13,Fast Food,True,True,False,,28.0257155,-82.4598851
PEs5kilsGdB31jSt84ItuA,Chuck's BBQ,Bristol,PA,3.0,36,Event Planning & Services,True,True,False,u'no',40.0959133,-74.8593254
WqxxEbwfz1xXn89jYBuQUQ,Burger Baron,Edmonton,AB,4.5,11,Burgers,True,True,False,u'no',53.570761,-113.4636068
Wt5Zpu-lZ1UK1hccCnJMwQ,Mimi's Italian Eatery,Cherry Hill,NJ,4.0,49,Cheesesteaks,True,None,False,u'no',39.903699062,-74.9703166902
-6TttC-1-rf5gC0QHWrs_w,Goody's Cafe,Terrytown,LA,3.5,31,Donuts,False,False,False,u'free',29.880818,-90.0211886
46fEorqn2nVbxdclHdHdKg,Gentelin's On Broadway,Alton,IL,4.0,69,American (New),False,True,True,'free',38.8902684,-90.183487
SjjrTfCxmLp0kJgy62sRAg,Maico,Tucson,AZ,4.5,102,Mexican,True,True,False,'no',32.2071939,-110.9574162
bbEXAEFr4RYHLlZ-HFssTA,The Original Habit Burger Grill,Goleta,CA,4.0,329,Fast Food,True,True,False,u'no',34.4355701009,-119.8247056485
m4lkv5ksqtdXvlIVIftH_A,Pearl,Philadelphia,PA,2.5,32,Asian Fusion,False,False,True,,39.9517967,-75.1722608
9UVFBNXegnoW9oIfj5p7Kg,Capriotti's Sandwich Shop,Odessa,FL,4.0,28,Sandwiches,True,,False,,28.19161,-82.6132195
ZbsH2tXBjA-3v973ZsAZ_w,Parkway Pizza,Levittown,PA,3.5,20,Chicken Wings,True,False,True,u'free',40.157789,-74.813116
cg4JFJcCxRTTMmcg9O9KtA,Ava,Tampa,FL,3.5,544,Wine Bars,True,True,True,'free',27.936236,-82.482862
yvW2NoOF4fv1r50A_jhjdw,Zoe Mediterranean,Tucson,AZ,4.5,9,Vegetarian,False,True,False,,32.2593114,-110.7979812
YT0A2VuGbOAkhvJmpPXuxQ,Texas Roadhouse,Hendersonville,TN,3.5,87,American (Traditional),False,False,False,'free',36.331238,-86.62272
MaYb7qMN6BomP1zQGj3Wjg,Pi Pizzeria - Delmar Loop,Saint Louis,MO,4.0,633,Pizza,None,True,False,u'free',38.6550126,-90.2977613
FOtDhobe5Os8A7zSI_MvrA,Bayscape at Heritage Isles,Tampa,FL,4.0,20,Venues & Event Spaces,False,True,True,u'free',28.1473720692,-82.2964053601
X-Xx23pb9nqppl2KNpOMJw,Famous Wok,Franklin,TN,3.0,6,Chinese,None,,,,35.9385971,-86.8197926
EMti-iNn83SGp3z6LngDWQ,First Watch,St.Ann,MO,4.5,75,Breakfast & Brunch,True,True,None,u'free',38.736872,-90.39882
DdFfDwu5z7f24pp6e_q2XA,Roy Rogers,Elverson,PA,2.0,21,Fast Food,True,,False,,40.1215077299,-75.7761088254
4EDFnzdMBdrL4tujAA2QZQ,Philippine Jeepney Grill,Philadelphia,PA,3.5,12,Specialty Food,,True,False,,40.0575027,-75.0525701
rZZ6gtsqBVkpSLoZ9EZ_1A,KFC,Oldsmar,FL,1.5,28,Chicken Wings,True,False,False,u'no',28.0494352,-82.69904
8LonS_bxNmCDk3FWiG9lzA,Tomo Sushi & Ramen,Philadelphia,PA,4.5,193,Japanese,True,True,True,u'no',39.951923,-75.144335
VgsbZSm5NRaDg2ds_FDBrg,Deja Brew Laugh A Latte,Meridian,ID,4.5,115,American (New),True,True,True,'free',43.6112994,-116.3910318
64i1xdiU1Wvo1Cuu0erFGA,Megu Sushi & Hibachi,Cherry Hill,NJ,3.5,121,Japanese,True,True,True,'no',39.8996708,-74.9532997
s8zQJgjBhlwE-qcGPKnGsQ,Subway,Tucson,AZ,3.5,8,Fast Food,None,,False,,32.2080223001,-110.876083
Iz3nG8ikhvLob4w8jLRlCg,Harper's Pub & Restaurant,Clementon,NJ,3.5,29,American (Traditional),True,False,False,'no',39.8058881,-74.990509
fw9YFfQnoOKlVnUdUCT0OA,Mother Mary's,New Orleans,LA,3.0,14,Irish,True,True,False,,29.9696163,-90.0939346
ioAcpe5KRvacB2lna-wdaw,Felicias Pizza Kitchen,Ardmore,PA,4.0,176,Pizza,True,True,False,u'no',40.00806,-75.291783
qFodBzebw4Lywcffu82OvA,HotBox Pizza,Fishers,IN,4.5,7,Pizza,True,,,,39.927734,-86.0104746
0wQCEcpZ57TmTm6EmEDsIw,Hendricks BBQ,St Charles,MO,3.5,572,Comfort Food,True,True,True,'free',38.7713448,-90.4865593
byYUYIXVxS6IUXC42THYFw,Asian Star,Philadelphia,PA,3.0,5,Thai,None,,,,40.0573352,-75.014859
EROSyhoWNCUH53NrDrsHgQ,Mary's Kountry Kitchen,Wilmington,DE,4.0,50,American (Traditional),False,False,True,u'free',39.713166,-75.646243
Vo4NZBtF3mr6EJitNnq-Wg,Pizzeria Maki,Greenville,DE,5.0,13,Pizza,True,,,,39.7797569,-75.5983935
ZxnLTULBWGs8cC6xtY6yrQ,Siam Thai Restaurant,Boise,ID,3.0,27,Thai,False,False,True,u'no',43.5791529,-116.175362
ntewVyhJ6C8H0U_KkduioQ,Mise En Place Bistro,Tampa,FL,3.5,8,Pizza,,,,,27.9426726234,-82.4521769956
jLNxPH975elBwriKSjhw7w,Subway,Indianapolis,IN,2.0,5,Sandwiches,True,False,False,,39.711916,-86.1187852
7E3mhfqDUSe0oKaZ9VikGg,Wienerschnitzel,Tucson,AZ,3.0,6,Sandwiches,False,,False,u'no',32.2217236,-110.9413264
tfnxPh4AFBU1QmbDO9eRRA,Logan's Roadhouse,Mt. Juliet,TN,2.0,84,American (Traditional),True,False,False,'free',36.168896,-86.511411
ASJH8IDBdX_f5yOX0XEfYA,Sam's Pizza and Donair,Edmonton,AB,4.5,19,Pizza,True,,True,,53.523834,-113.639551
oThWInL6gUCt2d98fSIAfA,Chatham Tap Fishers,Fishers,IN,3.5,262,Beer,True,True,False,'free',39.9565163876,-86.0230119251
9DhjKaR2f9wKATnUvxBAgg,McDonald's,Brandon,FL,1.5,29,Coffee & Tea,True,True,False,'free',27.923798,-82.323313
TTtnPiu--8WJpmOZaBsE0Q,Fast & Fancy Restaurant,Media,PA,3.5,7,Diners,False,False,False,u'no',39.9185491,-75.3925729
VaPj2Mpu0IpsUoisyTCAUg,That Awesome Taco Truck,Nashville,TN,3.5,11,Food Trucks,False,,False,u'no',36.1805194,-86.7265483
iVegX9epKU8R0eRAEwQ6Yg,Burritos Grill Mexican Fresh Cuisine,New Orleans,LA,4.5,75,New Mexican Cuisine,False,False,False,'no',30.0387300722,-89.9769829586
xNWueX3uZjmixQUkY38GzQ,KFC,Wilmington,DE,3.0,5,Chicken Wings,None,,,'free',39.7469589437,-75.5741865492
EQoeJ4o6re7EC4_EONXPlg,Chick-fil-A,Riverview,FL,1.5,87,Chicken Shop,True,,False,,27.7977129,-82.3339698
wunF8CkjYkARgCbGwYRm3A,Driftwood Cafe,St. Petersburg,FL,4.0,18,Pizza,,True,,u'free',27.7738335414,-82.6225407873
C8ge1djpXbFPyhzp2Yhzfw,Angie's Luncheonette,Bordentown,NJ,4.0,72,Sandwiches,True,True,False,u'free',40.1492333,-74.7131766
g3LweOTJlJoALtaShN4SLA,Barrel 55,Meridian,ID,2.5,148,Burgers,False,True,True,u'free',43.6327333,-116.3538141
Mufi8VH23CoxIZNftf-lZw,City Kitchen Pizzeria,Southampton,PA,4.0,11,Pizza,True,True,True,u'free',40.1631646,-75.046123
Ydo8zFl1PaO--g5zwyVyVg,Loco Lucho's Latino Kitchen,Philadelphia,PA,3.5,40,Spanish,None,True,False,,39.9531593,-75.1590984
RwOV1rfT7vA1qw8vgf-yBA,Tin Can Tavern and Grille,Saint Louis,MO,3.5,63,Burgers,False,True,True,u'free',38.6024149,-90.2618122
PzhPMkaNYiKDTHoTG0r8rw,Pho Cam Ly,New Orleans,LA,4.5,178,Vietnamese,True,True,False,u'free',29.9211868,-90.0945189
2iQucreJtTqbEsLczhsgrA,India Sizzling II,Indianapolis,IN,4.0,169,Indian,True,False,False,'no',39.830272,-86.242362
yDriUh65Wpx1HnTmXln9nw,Subway,Edmonton,AB,3.0,9,Fast Food,False,False,False,u'free',53.5458546,-113.5165904
ZNXNmJV8fXu7dv1hqXeq1Q,Raising Cane’s,New Orleans,LA,2.5,21,Cajun/Creole,False,False,False,'no',30.0059929425,-90.0335249736
FZCj995CEL2G-JTiLC3Azw,Taco Bell,Indianapolis,IN,1.5,38,Mexican,True,False,False,u'no',39.80109,-86.15661
xruWHK8Z5N0JWyQubLHjgA,Potito's Italian American Pastries,Philadelphia,PA,3.5,88,Bakeries,True,,,,39.9210221,-75.1744313
TFnGJlA5l_HDdzGDkNTdTA,Smiths Restaurant and Bar,Philadelphia,PA,3.0,225,American (New),True,False,True,'no',39.9522486027,-75.1716919961
hwXDlBJdtr1cFFM8sy5oPQ,Steve's Prince of Steaks,Philadelphia,PA,3.0,11,Pizza,None,,,,39.9549777255,-75.199922158
rDuopLmZ2X0uvwZpkqHGcw,Asian Cafe,Hatboro,PA,3.0,14,Soup,True,None,True,u'free',40.176079,-75.106012
aJTgc_HWNyM9gHDt__Lt4w,Johny's Original Pizza,Prospect Park,PA,3.5,54,Italian,True,False,False,'no',39.8869277,-75.3017107
dO4iyNK2KzLMe1kXLCskbw,St. Declan's Well,Philadelphia,PA,3.5,30,Music Venues,False,False,True,u'free',39.952126,-75.186438
sFtEbnWDtIADseyr8Lx6Qw,Spice N' Nice,New Castle,DE,5.0,11,Caribbean,False,False,False,'no',39.70981,-75.5498425
ehnMcJZlx29XMroxMd3-mQ,Spice-n-Grill,Saint Louis,MO,4.5,157,Indian,False,False,False,u'no',38.6630131,-90.3113611
JE4gQjflWbg9eg3CSZvAVg,Stanley Service Bar,New Orleans,LA,4.5,7,Cocktail Bars,,,,,29.9582117971,-90.0628599152
tl6CbSRA1txPHavvrQZfDA,Plato Latino,Tampa,FL,4.0,55,Latin American,False,False,False,'free',28.0889550568,-82.4588084221
XfvJ2iEq0XmciWIJvelZZA,Cafe 29,Nashville,TN,2.0,11,Sandwiches,,,,,36.0896708799,-86.8761394545
-If0ps0QhOLCYVWQWs9RYg,Maple Street Patisserie,New Orleans,LA,3.5,171,Sandwiches,False,True,False,u'no',29.9416242,-90.1295134
KkpAwKzn5olmxH2K2GauNw,Pica's Restaurant,West Chester,PA,3.5,141,Pizza,True,False,True,u'no',39.9686348,-75.5571687
zSEqhlaHqY8sIDxznturEQ,McDonald's,Fairless Hills,PA,1.5,32,Fast Food,True,None,False,u'free',40.171540527,-74.8515835404
Dl3aL50yuZmP1d4ucjHQWA,Arby's,Indianapolis,IN,3.0,16,Sandwiches,True,False,False,,39.9265862,-86.1564567
kSQNBSWTLlo-SwR6IcpvHA,El Sol De Tala,Indianapolis,IN,3.5,81,Mexican,False,False,True,u'free',39.7682918,-86.1200611
o7cD_sDA-Evj3Oh0zeH9nQ,Asian Pho,Reno,NV,3.5,194,Vietnamese,True,False,False,u'no',39.4772101759,-119.7649025917
MdIE0W_jztQNFtDog0dObg,Mucky Duck,Greenwood,IN,2.0,17,Dive Bars,False,True,True,,39.5746233,-86.1589527
viVz0HzP-_CbU07HUCquZQ,K&T Deli,Indianapolis,IN,4.0,48,Vietnamese,False,False,False,u'free',39.8227369,-86.234235
FBEzhE4ABeiZTGGO-BTKeQ,Philly Pretzel Factory,New Hope,PA,3.0,5,Bakeries,False,,,,40.347018,-75.0306992
LFw9ptRD4_R8RXcZhZYmRA,Taqueria Mexico Tennessee,Nashville,TN,3.0,10,Food Trucks,False,,False,,36.069364,-86.7196702
RdDS9iOb5JJhFom1Ny4xUQ,Slack's Hoagie Shack,Fairless Hills,PA,3.5,58,Sandwiches,True,False,False,u'no',40.1802431173,-74.8678294286
2er_V-oAd7IbQ5YTY56r7A,Bareburger - Midtown Village,Philadelphia,PA,4.0,622,Burgers,True,True,False,u'free',39.9489334,-75.1595088
KE_oM4y1GMI3YMOnnqHqRQ,Subway,Levittown,PA,2.0,5,Fast Food,True,,,,40.1493823,-74.8239491
9Y5JPV0TFZpJXFokFxwewQ,Asian Chef Fusion Cuisine,Mount Laurel,NJ,4.0,111,Japanese,True,False,True,u'free',39.9381487,-74.9150587
FmQygwfW_x8AkEWLXESezQ,Dough Boy Pizza,Philadelphia,PA,4.5,11,Pizza,True,None,False,u'no',40.036154,-75.0881369
jjPX9UyeVpF8egi1Clh6GA,Pizzi's Pizza,Bryn Mawr,PA,3.0,21,Pizza,True,False,False,,40.0241113,-75.3233849
gVfnWwDXmjXXuZPBW85XPA,Desi Spice,Trooper,PA,4.5,51,Indian,True,False,True,'no',40.146309,-75.393151
523KdtGRd_sx5YBRfvDJLQ,Orange Blossom Cafe & Bakery,Riverton,NJ,3.5,54,Bagels,False,True,False,u'free',40.0095844,-75.0127164
u8CwR6jZgKqBPCjBViEWcQ,Honey's,Tampa,FL,3.5,6,American (Traditional),False,True,True,,28.0494589,-82.5042328
NjUjzEvHfyRcKI7VYwLY0Q,Cafe Habana,Philadelphia,PA,4.0,5,Lounges,,,,,39.9519011,-75.175709
M0_Yc94Yq-G7HV8rrl9fQA,Gaetano’s,Philadelphia,PA,3.5,6,Pizza,True,,,,39.9604844097,-75.1977337
sQ7YjoRXw0NkdYJEzfEoqQ,Shoney's Restaurant,Franklin,TN,2.0,24,American (Traditional),True,False,False,'no',35.9144364,-86.8279464
r31oH9nLDCLcSqsd3MdT1A,Wendy's,Broomall,PA,1.5,40,Fast Food,True,True,False,,39.9591768008,-75.3517154785
qWnjIYmfBdWUTelGor0rEA,Riccardo's Pizza & Restaurant,Willingboro,NJ,3.5,19,Pizza,True,False,False,u'no',40.0202792,-74.8842229
Spq-2DVE8nilFhSFk0jLug,Tony B's Pizzeria,Fenton,MO,2.5,20,Pizza,True,False,,u'no',38.5129991377,-90.439324379
eUXPZQSeZVpKHd0aRF3Rsw,Long John Silver's,Indianapolis,IN,2.5,8,Fast Food,True,,False,,39.7595227,-86.2272436
ZFcE6HItnUzgGPM0Uxm-DQ,Pushing Pastry Cafe,New Orleans,LA,4.5,7,Cafes,False,,,,29.9407898,-90.1020423
q6661I3CGW0UB740E5Zjfw,India House,Santa Barbara,CA,2.0,136,Home & Garden,False,True,True,u'free',34.4165402,-119.6945773
F-vfI049swuwDR7HMOW1Fg,Red Habanero,Fishers,IN,3.5,198,Mexican,True,True,False,u'free',39.927974,-86.018796
ySSOZ_fz7wMhfjhWKzdR-w,Johnny Rockets,Reno,NV,4.0,520,Burgers,True,False,False,u'free',39.5228351525,-119.7781323604
kbTVAHUbvK-SLFUvsRQKAg,Blue Coast Burrito,Smyrna,TN,4.5,6,Mexican,,,,,35.96507,-86.514712
PxQZBLFh14LFIj4HHWG_Kg,La-China Poblana,Clementon,NJ,4.0,30,Mexican,True,False,True,'no',39.8050839677,-74.9897100583
c3eWB489arZI26M8n4gAvw,Flavor of India,Saint Louis,MO,4.0,104,Indian,False,False,True,u'no',38.672511,-90.446686
_O16xyQwp0YSTG2RgweRYA,Luigi's Italian Restaurant,Tampa,FL,3.5,37,Italian,True,True,True,'no',27.893361,-82.49954
1FURjeGJi_LBXcJQg8eskw,Padaro Beach Grill,Carpinteria,CA,4.5,885,American (Traditional),True,True,True,u'free',34.4068326,-119.5485827
I5KZm-NnxYeEQsmp6nK5_w,Las Cazuelas Restaurant BYOB,Philadelphia,PA,4.0,338,Tacos,True,True,True,u'free',39.9698623,-75.1439919
_Xo-JzgxbMaDi5cvlfHpwg,Nidia's Latin Grill,Dover,FL,4.5,19,Barbeque,False,False,False,u'no',27.9942212,-82.220255
M4vYPpkKcPxfZvebDv0ugg,Taco Bell,Troy,IL,2.0,10,Tex-Mex,True,False,False,'free',38.732182,-89.899187
6O6W8hHIMs-xJWT6yfh5qw,Suzi's Restaurant,Largo,FL,4.5,35,Breakfast & Brunch,False,False,True,u'free',27.916168,-82.772327
jMZ56S8Y1t7cA1Ob-d-qeA,Three Muses,New Orleans,LA,4.0,1165,Jazz & Blues,False,None,True,u'free',29.9632273,-90.0579277
RPLPto1ejkyE8vsGOV5phg,McDonald's,Upper Darby,PA,1.5,27,Burgers,True,False,False,u'free',39.9597931076,-75.2875122428
ulwns2OavT81v6zG-Sk6ng,Wawa,New Castle,DE,3.0,8,Automotive,True,,,,39.69444,-75.598866
NnHfPMXbY7IQI24lcYXKiQ,Wow Bao,Indianapolis,IN,2.5,33,Breakfast & Brunch,None,,,,39.9123675,-86.2025668
-yCrdNTk4RzUax2FJusa5g,Cajun Gourmet,Saint Louis,MO,2.5,15,Asian Fusion,False,False,False,'no',38.636484,-90.348024
HvFHRwDDu36nBGSyEv81WQ,McDonald's,Kennett Square,PA,1.5,13,Fast Food,True,,False,u'free',39.8423291687,-75.7296930161
yAEKaEvsCNxOYv1M1kiQhg,Olive,New Orleans,LA,5.0,76,Lebanese,True,True,True,u'free',29.9510796,-90.071576
uI15YInpDsGBUZcNfm_TfQ,Borrello's Pizza & Pastaria,Carpinteria,CA,4.0,169,French,False,True,True,'free',34.4063061,-119.5476647
WJN51928dvjYmaFw-zPKXg,D'S Caribbean And American Food,Philadelphia,PA,3.5,10,Caribbean,True,,,,40.000452,-75.1662905577
DmWO5ebBujbRpe-vxAzDhg,Yummies Restaurant,Saint Louis,MO,3.5,17,Food Delivery Services,True,True,False,u'free',38.609237,-90.2335389
ToHu5wSC8LSMYigsSlkFfQ,HITEA,Chesterfield,MO,4.0,115,Asian Fusion,True,None,True,u'free',38.6794186613,-90.5060517043
_SjdrpSZdiXVSwaJR5T9jw,Squeal,New Orleans,LA,3.5,244,Barbeque,False,True,False,u'no',29.9493823,-90.1326695
kYFJQDMHsubrwDfRpEfDTA,Lucky Dogs,New Orleans,LA,3.5,81,Hot Dogs,False,True,False,u'no',29.9508859,-90.0680892
8ZHMr31oBElXmaqSmZJs2Q,McDonald's,Trenton,NJ,1.5,9,Fast Food,True,,,u'free',40.2174128225,-74.7435072848
JFUTJaE3REmCne1hnWm-OQ,Taste-D-Burger,Saint Louis,MO,3.5,12,Food Stands,False,,,u'no',38.7048818,-90.3465971
ehcjV7rk61jO8ro-xW4EuQ,Carino's Italian Ristorante,St Pete Beach,FL,4.0,133,Italian,True,True,True,u'paid',27.7558348,-82.7596909
K4TlU26IH19tM_VvTMnpyg,Rivista,New Orleans,LA,4.0,41,Cafes,False,False,False,u'free',29.9208686,-90.0997285
QLUUaTj034zYVWiVl9tNvA,Café at The Square,New Orleans,LA,4.0,293,American (Traditional),True,False,True,'free',29.9492153,-90.0706026
idu9-lsH5FJ54xt9QdNezQ,Il Giardino,Spring House,PA,4.0,92,Italian,True,False,True,u'free',40.1813198,-75.2272608
rSe2uJ54OG3ytfTBIzW8Nw,Chavelita's Cocina Mexicana,Reno,NV,4.5,120,Tacos,True,None,False,u'paid',39.5205888,-119.7863242
okZQEPO78ybzdFkRgnN-Ow,Golden Corral Buffet & Grill,Indianapolis,IN,2.5,43,American (Traditional),True,False,False,u'no',39.7755872,-85.9867587
Y9cp0wO7SeDn-kpT0Lt-LA,Sarah's Bagel Cafe Idaho,Boise,ID,4.5,21,Cafes,True,,,u'free',43.617047,-116.2035868
WusgaQ64KO8y2KAAHtTxWQ,Kings Gyro,Franklin,TN,4.5,69,Greek,False,False,False,'no',35.9170989419,-86.8344782003
Y8IzgicQSkxNsewSzR7NLg,Foodwerx,Cherry Hill,NJ,4.5,11,Food Delivery Services,,,,,39.931255,-75.0511669
Gf1EboxqdJ9SPsVJur93Cw,QDOBA Mexican Eats,Indianapolis,IN,2.5,68,Fast Food,True,False,False,'free',39.7797445,-86.1728502
KJ8Wx5FGrQQMsEnqUlXiMA,Blue Bell Pizza,Blue Bell,PA,3.0,61,Sandwiches,True,False,False,,40.1396559,-75.2453747
FI8fpqACdKnIkO-ur0FVfg,The NY Slice,Greenwood,IN,3.5,16,Food Trucks,True,,,,39.6336475,-86.1168714
rlBB-B-nAusvJYaPFlGcUw,Bagel Bin of Voorhees,Voorhees Township,NJ,2.5,91,Bagels,,False,False,,39.8454961,-74.9413589
ZC0_EKG2MSu0qaQj4TY6sw,Hot Willy's,Tampa,FL,4.5,10,American (Traditional),,True,,,27.959124,-82.4405692
DlVUt17R8yfmJ3Zguw-f2Q,Philly Pretzel Factory,Medford,NJ,3.0,9,Pretzels,True,,,,39.87288,-74.811207
1ol8rghO_5m0M5WFMv-C8Q,KFC,Sparks,NV,2.0,32,Comfort Food,True,False,False,u'free',39.5357831889,-119.7373932944
P8QLcGZZOPgl9w_3ARBKiQ,Hai Street Kitchen & Co,Philadelphia,PA,3.5,100,Japanese,True,False,False,u'free',39.954687,-75.202181
GBTPC53ZrG1ZBY3DT8Mbcw,Luke,New Orleans,LA,4.0,4554,German,True,None,True,u'free',29.9507416316,-90.0704155423
JszJI2Ewenggj8zh1o3B-Q,Peggs Restaurant On the Boulevard,High Ridge,MO,3.0,57,Italian,True,True,False,,38.4643042509,-90.5275982246
0xy7fk_yHaHbapJ1FS_ZJA,The New Maple Hill Restaurant,Maple Shade,NJ,3.5,36,Diners,True,False,False,u'free',39.956659,-74.991745
zPmSsAdvoBbo94msaYCLYg,Chopstix,Tampa,FL,3.0,32,Chinese,True,False,True,u'no',28.0688469,-82.4437504
6USj3cqHAf2HkjBNomafRA,Bowl & Roll,Nashville,TN,4.0,38,Asian Fusion,None,True,False,'no',36.169304,-86.788028
B6zs6ywn7TfhOmmDtuWQkw,Farm a Sea Bistro & Crafthouse,Newark,DE,3.0,28,Beer Bar,False,False,True,'free',39.6624417,-75.6636292
WHFYn-b52ApOFymcKuGoFw,Steak-Out,Swansea,IL,4.0,20,Event Planning & Services,True,,,,38.5410303,-90.0022302
89CEDMXZjJRHXGeVIWTwcA,Dae Jang Geum,Philadelphia,PA,4.0,8,Korean,,False,,,40.0675529,-75.1472469
FxBwl9Grthz-75q8xemfxQ,Taco Bus,Tampa,FL,1.5,5,Mexican,True,,,,28.0850379,-82.5014795
UQssxfQY7LcLEtagk9ecog,Aroma Indian Bistro,Merchantville,NJ,4.5,100,Pakistani,True,False,False,u'free',39.9508686,-75.0486
Vnob_w_Aohf7ZDqxcJ9z2A,Mint Modern Vietnamese Bistro & Bar,New Orleans,LA,4.0,403,Vietnamese,True,False,False,u'no',29.9349228653,-90.1095502387
HKbRmIZDRqeC6obLG0k_DQ,Jack in the Box,Nashville,TN,2.0,32,Breakfast & Brunch,True,False,False,u'no',36.1496176,-86.8584106
ugNplY4SZqIfP417oUxahQ,Chick-fil-A,Reno,NV,4.0,256,Breakfast & Brunch,True,None,False,'free',39.4773506,-119.7921455
zSEFzAbxnO44w8ACQ_XkAA,Akira Hibachi & Sushi Bar,Riverview,FL,4.0,74,Asian Fusion,True,False,False,'free',27.8521439085,-82.2678940657
262I6X8Vi5PXygFmhjeLyA,Sorrento Pizzeria And Grill,Philadelphia,PA,2.0,9,Chicken Wings,True,,,,39.9498507065,-75.2332982
a1E2BPYnufFzb6YX2pplJg,Wahoo's Fish Tacos,Santa Barbara,CA,3.5,62,Seafood,False,False,False,,34.416913,-119.6961686
Z1whpjCi-3RiuBPUtdK44A,Angys’s Cafe And Ice Cream Parlor,Warminster,PA,4.5,22,Breakfast & Brunch,True,False,True,u'free',40.1999487,-75.101936
2jvmqojTdrdj3YboXzKRcw,Something Grilled,Exton,PA,3.5,75,Barbeque,False,False,False,u'no',40.0341555,-75.6335018
ctu_fZxCRoQKRj4kUtOitg,China Moon,Nashville,TN,3.0,19,Chinese,True,False,True,,36.0843377,-86.647476
Vq77GKtHp2nMsiKbjumgvA,Tony Express,Philadelphia,PA,5.0,8,Food Trucks,True,,,,40.004478,-75.152804
LIoU5gBv75l1lMFaQ3wyfQ,Rozanna,Manchester,MO,4.5,59,Middle Eastern,False,True,True,u'free',38.5956948927,-90.5221298022
iaW0dgrW_Y5-FSTV8axNOA,KFC,Indianapolis,IN,2.0,14,Chicken Wings,True,,False,'free',39.7613281,-86.2236709
w18LqIckdMOK7-PU49KBsQ,Taco Bell,Sparks,NV,2.0,71,Mexican,True,False,False,u'no',39.5420749487,-119.7391727759
NIqLy5WxpHx1_rScNoROZw,Taqueria y Birrieria Aqui es Jalisco,Indianapolis,IN,4.5,25,Tacos,True,,,,39.7802349528,-86.2502127886
zUJMvjK6aBeQtVCowZ85-w,Panasian Buffet,Philadelphia,PA,3.5,62,Pan Asian,None,False,True,u'free',40.0308845266,-75.1041150063
BWPokhrYnWdfxdaUaM6l9Q,Nashville Symphony,Nashville,TN,4.5,107,Venues & Event Spaces,False,True,True,'no',36.1599355658,-86.7759658783
A0zZI5AnaeK4-vKoc9ABmg,Aroy Thai,O Fallon,IL,3.5,157,Thai,False,True,False,u'no',38.5738228,-89.9310173
IjJSHYMgXV3ZQSAr0tn19A,Sip of Saigon,Spanish Springs,NV,5.0,71,Coffee & Tea,False,False,,u'free',39.577618851,-119.7223937288
_TANOcxwIOmQhk1mnXaj7w,Wendy's,Reno,NV,1.5,51,Hot Dogs,True,False,False,'no',39.4775312,-119.7651445
6HRbMeGq5Y4hqRkgXnG6Ig,Naviera Coffee Mills,Tampa,FL,4.0,24,Coffee & Tea,,False,,u'no',27.960479499999998,-82.436308
Dwwt8KwB0iyf86aE4p4vSQ,La Giraldilla,Tampa,FL,3.0,27,Cuban,None,True,False,'no',27.9963789,-82.4721976
EyoGUM01HS9kemQcnTRLIw,Sofra Restaurant,Edmonton,AB,4.5,75,Turkish,False,False,True,u'no',53.545705,-113.502599
5FDt7sy-70y4_37Dh2qcbw,El Arado Mexican Grill,Indianapolis,IN,3.0,162,Latin American,True,False,False,u'no',39.7523127,-86.140383
ATYVsHtyiQnknwFD1ZX4bQ,Dickey's Barbecue Pit,Gretna,LA,3.0,60,Sandwiches,True,None,True,u'free',29.9166412,-90.0501954
GUjW2bS0MVP4qZ7_o1m-Uw,Son Seafood,Chalmette,LA,4.5,9,Seafood,False,False,True,'no',29.9425702,-89.9624911
yWx7-4lHvyT0TpIO7pLA3Q,StarLite Sapphire,St. Petersburg,FL,3.5,45,Boating,False,True,True,'no',27.7507274,-82.7428137
kvE2BJp9Rc8irEnbjnlNHA,Burger King,New Orleans,LA,1.5,11,Fast Food,True,,False,'free',30.0237812,-90.0617765
_AqS7hNIQra2bsZRgVs-kQ,Taco Bell,Indianapolis,IN,2.0,48,Breakfast & Brunch,True,False,False,'free',39.905167,-86.059453
LH7kN8nAyF2JE5higfK4ZA,Taqueria El Sol,Wimauma,FL,4.5,69,Mexican,False,True,False,'no',27.7121935,-82.2979132
31s1x27DnN2V-ptUWEdfTQ,Subway,Indianapolis,IN,3.5,7,Sandwiches,True,,False,,39.9122513624,-86.2617752892
l4N93cZPMrtCSIBYT5Vk5A,China King,New Port Richey,FL,3.0,20,Chinese,False,False,False,'no',28.237338,-82.6686826
HfOLOAYMKNUer3eXXTLHew,Vanos Pizza & Italian Restaurant,West Chester,PA,4.0,17,Italian,,False,False,u'no',39.9985455,-75.5667973
HrIbP2-jdRJAU92yqyDmyw,Genoa Pizza and Grill,Glenolden,PA,4.0,24,Salad,True,,,,39.911312,-75.300349
9UZ9yZnllsV-SjukDl9n2g,Taqueria-El Ranchito,Indianapolis,IN,4.5,6,Mexican,,,False,,39.7635833,-86.2206347
3LnezhNbL_Arcs2ihIRL_Q,The Cheesesteak Factory,Glassboro,NJ,1.5,20,American (New),True,False,False,'no',39.7150427,-75.1117896
XQ_wVhRayMJGQT9J_WANkw,4 Seasons Grill Mexican Restaurant,Philadelphia,PA,4.0,12,Mexican,True,,,,40.0030161,-75.1239721
uvAP4JuwHzZeZJ_aZyNLrg,Botto’s Italian Line Restaurant,Swedesboro,NJ,3.5,137,Italian,True,True,True,'free',39.7484398,-75.3099684
WZPCfTRiN4ipajP7gFfziA,The Centennial Cafe,Philadelphia,PA,3.5,26,Coffee & Tea,False,True,False,,39.9849894194,-75.2161406602
hgdh0gKSczCIjLikWtZpGg,Trywith,Mount Laurel,NJ,4.5,14,Specialty Food,None,False,False,u'free',39.9199498,-74.9283212
gXy0a9tOQYLGflwRtqmY5A,Camac,Philadelphia,PA,3.0,6,Gay Bars,False,False,False,,39.948202,-75.162588
xCveOAv9FhUGAGr-qNhKuQ,Sweet Island Vibes,Largo,FL,3.0,12,Event Planning & Services,False,,True,,27.9163243,-82.7918821
G1fQJ8k5U1gdX0vWODCZYA,Cafe Nino,New Orleans,LA,4.0,63,Pizza,False,True,False,u'no',29.949863,-90.1274815
gUyfJlJRxu1fHuZ4dpBheQ,Santa Fe,New Orleans,LA,3.5,252,Mexican,False,True,True,u'no',29.980908200000002,-90.085038
qmDm7guS7TAZTSDFYY2bug,Pizza Hut,Wilmington,DE,1.5,45,Pizza,True,False,False,'no',39.7346451,-75.637351
g04aAvgol7IW8buqSbT4xA,Cafe Fleur De Lis,New Orleans,LA,4.0,1865,Breakfast & Brunch,None,None,False,u'free',29.9544944572,-90.0665915385
AIz4DpQVVpeC9tiNnGLy_g,Monstah Lobstah,Tampa,FL,4.0,34,Seafood,False,True,False,u'free',27.942091,-82.479153
xkf3TdHIeqrkMJEZaZd9cQ,Lee's Hoagie House,Newtown,PA,3.5,8,Sandwiches,True,False,False,,40.2344341,-74.9411444
DvkSkF83xDONjkNIoEPRnQ,Greko Greek Street Food,Nashville,TN,4.0,267,Street Vendors,True,True,False,'free',36.1744211,-86.7602763
IBl6b1zPNo36aqV4h7vQ_w,Dong's China Buffet,Mooresville,IN,3.5,59,Chinese,False,False,False,'no',39.606606,-86.376912
JtwyVOjFQvI2VZwZHta-dw,Bob Evans,Phoenixville,PA,2.5,51,Salad,True,False,False,'free',40.1330840253,-75.4502420086
xGUAa3xa8KsmbolC3XboQg,Xtreme Tacos,Tampa,FL,4.5,193,Mexican,True,True,False,'no',28.0254766,-82.457399
eJhXqSKaYzDS4WBeDq8vEQ,Bistro La Bête,Philadelphia,PA,5.0,15,French,,True,,,39.9280043,-75.1600446
Nno-n37B-D12kTZNp4IMyA,Stadium Bar & Grille,Bensalem,PA,2.0,5,Beer Bar,,,False,,40.0671713,-74.970764
2wSy-l44n1W2E-5R6QGRug,Taco Bell,Willingboro,NJ,2.5,14,Tex-Mex,True,True,False,'no',40.055,-74.885
B3JF06ctShiYJeg1FyJ5jA,Remedy Cafe,Edmonton,AB,3.5,127,Indian,True,True,False,u'free',53.5228042,-113.5117214
QUxFneps0qX5S8XpEUnazg,Piranha's Bar & Grill,Nashville,TN,4.0,75,Dive Bars,False,False,False,u'no',36.162251,-86.77571
liy3id4Wj1AaIduwETiVSQ,Sam's Pizza,Philadelphia,PA,2.0,13,Pizza,True,,,'no',40.0310045,-75.0836118
YB689VFiOlzUTBRPiauDFA,Terraza Cafe,Santa Barbara,CA,3.0,17,American (Traditional),False,True,False,u'no',34.4387119,-119.7286469
YE3E3nFsPo0O7gpMpOL18A,T J Courtney's Restaurant and Catering,Mt Juliet,TN,3.5,112,Burgers,None,False,False,u'no',36.2270382325,-86.514847411
fdjzXyPw1Zt2avRokULJOw,Doan's Restaurant,Edmonton,AB,3.5,47,Vietnamese,True,True,True,'free',53.5416222,-113.5051216
ugSj0rWlWQ57-FuKuieGXA,Tampa Pizza Co - Westchase,Tampa,FL,4.0,81,Sandwiches,True,True,True,u'free',28.042926,-82.59231
6jNFUIKiCCKnLCpGJpkyrg,McDonald's,Philadelphia,PA,1.0,22,Fast Food,True,,False,u'free',40.0323183,-75.106562376
e9J0IWHyYGU-AcCqTQ7lSA,Kaisen Sushi,Tampa,FL,4.0,69,Sushi Bars,False,False,True,'no',28.083075,-82.504375
qLrTiIPDlnNX6FYTs29rmg,Buddy's Grill,Tucson,AZ,3.5,14,American (Traditional),False,False,True,,32.250943,-110.890264
6FvC6w810uf6O7Ocd6Wpog,Yolklore,St. Louis,MO,4.5,263,Bakeries,False,True,False,u'free',38.5624086279,-90.3668923776
Ln5j6LRuXur3E5U86WjOJg,Magazine Po-Boy Shop,New Orleans,LA,3.5,72,Venues & Event Spaces,False,True,False,'no',29.9279293,-90.0789655
rZIoDcsE7vsneLXRzkXlfQ,Tim Hortons,St Albert,AB,2.0,6,Coffee & Tea,,False,,'free',53.6420321719,-113.5763070271
VPZk3uYLXAc1pn3XDjWQVw,Arby's,Belleville,IL,2.5,7,Sandwiches,True,,False,,38.523756,-90.031249
pt0SLWdKuqrv7KRMgpOhLw,Starbucks,Haddonfield,NJ,3.5,38,Sandwiches,False,True,False,u'free',39.897906,-75.031543
9wa2FJBzEk8Gv0ahK2o_hA,Hilltop Cafe,New Port Richey,FL,4.0,20,Breakfast & Brunch,None,False,False,,28.292461,-82.675004
zqezBUeLGh-U4kRJgB4sGA,Soho Japanese Restaurant,Levittown,PA,5.0,6,Japanese,True,False,False,u'no',40.1741415,-74.8304145
sxuv5uZU15UHGT_HB1xYxQ,Islands Restaurant,Santa Barbara,CA,3.5,197,Burgers,True,True,True,'free',34.438119,-119.748456
3wogQmKw729tKKWaVbZvbg,World Famous N'awlins Cafe & Spice Emporium,New Orleans,LA,2.5,295,Herbs & Spices,False,True,False,u'no',29.960059,-90.059223
95Pw5mF_PMbfvXN_K-mXWQ,Summit Cakery & Cafe,Woodbury Heights,NJ,3.5,39,Cafes,False,True,False,'free',39.8125472,-75.1634761
BVndHaLihEYbr76Z0CMEGw,Mamas Kitchen,Tampa,FL,4.5,162,Sandwiches,True,True,False,u'free',27.884852,-82.5060044
HSb0mHv23zY42j2vcPtSyA,Maple Street Patisserie et Bistro,New Orleans,LA,4.0,6,Bakeries,False,,False,,29.9624698182,-90.1176114916
k920l7wHSjLZDJLvn-UfyQ,McArthur's Bakery Cafe,University City,MO,3.5,22,Breakfast & Brunch,True,True,False,,38.655785,-90.306723
Jubq4o59PS1Q3vyxBgrtQw,Rolling Stars,West Chester,PA,4.0,47,Food Delivery Services,True,True,False,u'free',39.954138,-75.616182
WSllV7Nl13wskOFWjh-BbA,Bountiful Farmers Market,Edmonton,AB,4.5,16,Specialty Food,True,,,,53.4720691,-113.4805395
uNgurpUi-9BRM6VLEnuNKA,Roger's Chicago Beef & Pizza,Hudson,FL,3.0,18,Pizza,True,True,,,28.3644485,-82.6934343
GEGTsaKaO1R9fFB4sGS5qw,Santa Barbara Food Connection,Goleta,CA,4.5,10,Mexican,True,False,,,34.4354208,-119.8203772
7rtrGGsUkVWZFHJaEArJ7g,The Trappe Tavern,Trappe,PA,3.0,109,American (Traditional),False,True,False,'free',40.1983718,-75.4757542
j50-hK5V4OQwYo9kyUF5FQ,Punk'd Pineapple,Kennett Square,PA,5.0,8,Food Stands,False,True,False,'free',39.8461822193,-75.7133925177
_yK1bMl56fBuj2fG5lMiMQ,Machu Picchu Peruvian Restaurant,Indianapolis,IN,4.0,46,Peruvian,True,,,,39.8237744,-86.2538716
k3CjpU8COgn--pueiZm3XA,La Monarca,Saint Louis,MO,4.0,44,Mexican,False,False,False,'no',38.674382,-90.356398
VRGYwKE_Z77frm5NwLvJhw,Burger Republic,Nashville,TN,4.0,721,Sports Bars,True,None,False,u'free',36.1524355,-86.7835814
c7h5S5Oqz3wq3KufxUlmtQ,Crepe Works,Edmonton,AB,2.5,14,Creperies,,False,False,'no',53.52272,-113.619954
do1iQw_yAYGcaNn2RMBnSQ,China Wok,Ridley Park,PA,3.5,19,Chinese,True,False,False,,39.8796236,-75.3227468
BvQ02tI-7gVAfQwHe_U3bA,Taco Bell,Green Valley,AZ,3.5,18,Breakfast & Brunch,True,True,False,'no',31.90552,-110.98834
uy_-IYVthRB9QYhULMgROQ,Martin's Chicken and Waffles,Goodlettsville,TN,4.0,7,Food Trucks,True,True,False,u'no',36.3026299,-86.6975705
aCjTyN2RLAao0jsYZkZfbA,Ritter's Frozen Custard,Indianapolis,IN,4.5,41,Ice Cream & Frozen Yogurt,True,True,False,'no',39.8564753,-86.2421671
EjwrtCJDCZBUS_uTvpHMSw,Skeeter's Pub,Blackwood,NJ,3.5,92,American (New),True,True,False,u'no',39.8113901,-75.0676368
INWHqjudS0vDcVKlHyz69A,Shere-E-Punjab,Drexel Hill,PA,4.0,147,Event Planning & Services,True,True,True,u'no',39.9450734454,-75.3244363344
RTEdyP_6wGvXQugln1jxbg,Judge Bean's BBQ,Brentwood,TN,3.5,246,American (Traditional),True,False,False,'free',36.0334682,-86.786661
zwTmOj4B_OVPMTMYijQiKg,Queen Sheba,Philadelphia,PA,4.0,64,Sports Bars,False,True,False,u'no',39.9489954358,-75.2135489881
dYicZfoQApq5y0vO6FbLtw,La Campagnola,Shamong,NJ,4.0,98,Caterers,False,True,True,u'no',39.8167433979,-74.7612705307
hlf4qed6y1eQ9mvnWUU72A,Trattoria Branica,Kirkwood,MO,4.0,11,Italian,False,True,True,,38.5754468,-90.4065335
pONoQvxG76bUJbMtCjiZJg,Peking Gourmet,Pottstown,PA,3.5,18,Chinese,True,False,False,u'no',40.261326019,-75.6510311653
LkskzKzo_S8YmG1dGn4hag,Tijuana Flats,Tampa,FL,4.0,104,Tex-Mex,True,True,False,'free',28.043321,-82.592416
UhIdCsdiWS4K0EkbvVdlAw,Ed's Pizza House,Philadelphia,PA,1.5,24,Pizza,True,False,False,'no',40.0474259,-75.1507643
B2wSy1zQCdZgDXOkhAKGDQ,Embassy Suites by Hilton Tampa Downtown Convention Center,Tampa,FL,2.5,209,Cafes,False,True,True,'free',27.9423153,-82.4547605
eiI6ur0iXBnVjxPqLZagcA,Nawlins Creole Cafe',Avon,IN,3.5,8,Cajun/Creole,False,True,False,,39.7790708,-86.4009224
BVe-jR0szZPC6o7r15jp4g,Enzo's,Philadelphia,PA,3.5,9,American (New),True,False,False,u'no',39.9505432,-75.1660506
Qi-A4ZgcEuSnq_8Fpfo_3Q,Our Lady of Guadalupe Mercado,Santa Barbara,CA,4.5,8,Mexican,False,True,False,'no',34.4230803,-119.6840083
b-4xNydyGmdv2bGFOHTgdw,Garden Bakery,Edmonton,AB,3.5,45,Bakeries,True,False,False,'no',53.5496061,-113.4928653
-7Rx5jVeQmlVoAU_oXrzew,McDonald's,Cherry Hill,NJ,1.0,11,Burgers,True,,,u'free',39.9147636602,-75.0127789378
KOAz86HXkNKNvEExrGXxlQ,Chick-fil-A,Jefferson,LA,3.0,77,Caterers,True,True,False,'free',29.9614416,-90.1836644
WwPPNhUpIsPhLumwravwKw,Millstone Cafe,Chadds Ford,PA,3.5,5,Soup,False,True,,u'free',39.8701193,-75.5930734
Bih0eT_lbbCUwKmGYpX0hw,Ricci's Hoagies,Philadelphia,PA,4.0,67,Italian,True,True,False,u'no',39.9353601,-75.1615836
hy5GpGXAna-5qrb3zNub6g,On The Border Mexican Grill & Cantina,Mt. Laurel,NJ,3.0,168,Mexican,True,True,False,u'free',39.9235950202,-74.9518829779
qGtEgy3ws-Arxr5_91YmSA,Hong Kong Express,Saint Louis,MO,3.0,23,Chinese,True,False,False,u'no',38.6100927,-90.2411453
HQ-C47_Xi5it1KzwEc0u0A,Barbarians,Santa Barbara,CA,3.0,96,Pizza,False,False,False,'no',34.4170059325,-119.6960398541
-951Q5if-JmCQbO40meVPw,Sam's Pizza House,Nashville,TN,3.0,10,Pizza,True,,True,u'free',36.2077886,-86.7840899
qot32tHVWZpiJibLTwQGyw,Pina's Pizza,Philadelphia,PA,3.5,47,Italian,True,False,True,u'no',40.0694581,-75.2398454
SFafZpcCcjO28VzimGmKrQ,Pizza Hut,New Port Richey,FL,2.0,26,Pizza,True,False,False,u'no',28.217507,-82.695356
aerbI0ICiEMIgeSUaLEpHw,Tokyo Japanese Restaurant,Skippack,PA,4.0,59,Japanese,False,True,True,u'free',40.223632,-75.401727
3LQsW2WJ1pmnRgH23C6YiA,Cabin Coffee,Avon,IN,4.5,64,Cafes,True,True,False,u'free',39.7617852961,-86.4277279159
vOehPf4fht7cYjZ7I65fRQ,Tajin Mexican Grill,Indianapolis,IN,3.5,8,Mexican,,,,,39.815765,-86.2708932
seouwqRlM9YNNAkZS09FuQ,Jet's Pizza,Greenwood,IN,3.0,37,Pizza,True,True,False,u'no',39.6297342096,-86.159157
RI33oswGDkIsc0fuQ8GzjA,Oregon Steaks,Philadelphia,PA,3.5,184,Cheesesteaks,True,True,False,u'free',39.91579,-75.1653879
C-anTsItNvJHHR__DiGEqQ,Nokey's Deli & Grill,New Orleans,LA,4.0,54,Chicken Wings,False,False,False,u'no',29.9647623,-90.0732441
1IIht_H_qWSTG-kMSvKS6A,Rock'n Dough Pizza & Brewery,Nashville,TN,4.0,17,Brewpubs,False,True,,u'free',36.1606228,-86.8493654
yAsdDYPcIPUlISggX6oCYQ,Smashin Crab,Hendersonville,TN,4.0,72,American (New),True,True,,u'free',36.3301265674,-86.5901489267
yNlR9wTzd6Hg7It9fQrhdg,Buffalo Wild Wings,Zionsville,IN,2.0,91,American (Traditional),True,True,False,'no',39.9474028,-86.3445247
iM1hWCwxoqO-d_djiKpEXQ,Steak ’n Shake,Smyrna,TN,1.5,38,Diners,True,,,u'free',35.9669111,-86.4955681
eS5KCIrpEB1Bp-uU1JJYyw,O'Charley's Restaurant & Bar,Hendersonville,TN,2.5,31,Burgers,False,False,False,'free',36.317476,-86.600643
RY1qY03QfETdrGWCEOugVw,Donnie Russell's Pic III Wings & Things,Medford,NJ,3.5,34,Burgers,False,False,False,'free',39.8680354,-74.8089819
V-Dm95vQpkdaeSzehDEgpA,Reavis Pizza,St Louis,MO,3.5,31,Sandwiches,True,True,False,u'no',38.536378,-90.316328
VKzz9e1IPOAhptsJX1d3_A,Zushi Dozo,Mount Laurel,NJ,4.0,13,Sushi Bars,False,False,True,'no',39.930347,-74.9749935
MU8ekK-1u9IGVGAbHRdoMg,WANG'S TABLE,Reno,NV,4.5,15,Chinese,True,,,,39.513276,-119.8066165
9yi5Ls7ivwSXFz8BsDvW_A,Maxine's Chicken & Waffles - City Market,Indianapolis,IN,4.0,7,Southern,None,,,,39.7686835,-86.153515
1pkuCWlH3iEuUAQVHpIuHQ,China Star,Philadelphia,PA,3.0,10,Cantonese,True,,False,,39.9702483665,-75.144223438
aEEC4D-RylmiUyephE5t_g,"Coffee, Lunch.",Nashville,TN,4.0,54,Bakeries,False,True,False,u'free',36.1549013,-86.7818914
eJYvM2Zy5BloOYGldWmAVw,Chateau Cafe,New Orleans,LA,3.0,66,Cafes,False,True,False,'free',30.0202243,-90.1114674
ukt4QdEiwDubi991eF75TA,Paseo Tapas Bar,Philadelphia,PA,2.5,11,Tapas Bars,None,,,,39.9684914,-75.176962
gqMRM12j5mder76t3bPxJw,Siam Cafe,Nashville,TN,4.0,141,Chicken Wings,True,False,False,u'no',36.0999091,-86.7389853
YARjtcQLeoPR7hKz82xXcg,Ong Hanoi Fried Chicken,St. Albert,AB,4.5,8,Chicken Shop,False,True,False,u'no',53.6339939761,-113.6255792489
JI3-QZwm6vihIFBcekgyaA,Matrix Hotel,Edmonton,AB,4.0,55,International,,,,u'free',53.5393127726,-113.5046482086
2wEnpf2eu98rcYc540UN3Q,Chipotle Mexican Grill,Tucson,AZ,3.5,14,Fast Food,False,True,False,,32.288873,-110.974068
1QtF1bFgzG3Jo0-L4kv0Cg,Subway,Indianapolis,IN,2.0,11,Sandwiches,True,False,False,'no',39.7816290917,-86.1304205477
_GwN0kWZOs3DFpNDZIblRw,Redhound Grille,Paoli,PA,3.5,84,Gastropubs,False,True,True,u'free',40.037656,-75.4945024
EFPLTyrqx_x_6GVaDU5Mtw,Firehouse Subs,Brandon,FL,2.5,35,Fast Food,True,False,False,'no',27.9367861,-82.3150592
qf4LecJDQWIt0gt6VJWFPw,Frontier Steakhouse,Tampa,FL,3.5,95,Burgers,False,False,True,'no',28.0114286,-82.3605699
9OtFX3YzG5keaUMOWU1imA,Champions,Nashville,TN,4.0,73,American (Traditional),False,False,True,'free',36.1462072,-86.6930527
9Udgv_7h8oj6NXq5hQeJow,Old Beverly Cafe In & Out,Edmonton,AB,4.0,9,Coffee & Tea,False,,,,53.5705074,-113.4021041
EmbZ4QwVt_zgfqMOCATsyA,Let Them Eat Cake,Tampa,FL,3.5,37,Bakeries,True,,,,27.9083039,-82.5272462
DOydgEG9DzmM74QSz4btFA,Wendy's,Fishers,IN,1.5,51,Fast Food,True,True,False,'free',39.9564086,-86.0117188
Yh_KhyVD6ZBwsIQQ1wSUpw,Pho An Hoa Restaurant,Tampa,FL,4.0,160,Vietnamese,False,False,False,u'no',28.0250188,-82.4881568
7-cD0S7vJlUOuTpF2vQLOQ,Little Caesars Pizza,Tucson,AZ,1.5,11,Fast Food,True,False,False,'no',32.2510235,-110.9630046
hmoyJnGSuBaZZObtssvU0w,Big Al's House Of Blues,Edmonton,AB,4.0,7,Canadian (New),,True,,,53.5704709,-113.5362951
rViAhfKLKmwbhTKROM9m0w,Casino Del Sol,Tucson,AZ,3.0,298,Arts & Entertainment,True,True,True,u'free',32.1311278367,-111.0866194535
Wy8Hswf2cLQGRZN6armkag,Jack in the Box,Goleta,CA,1.5,86,Fast Food,True,False,False,u'no',34.4298966,-119.8687832057
lTkkSkvVhJIbHqVJKv6w9w,Classic Asia,Haddon Heights,NJ,4.5,53,Asian Fusion,True,False,True,u'no',39.882151,-75.059349
fSx8zLSP_LBtIm_mfQRbTQ,Dragon House Chinese Eatery,Fishers,IN,3.0,117,Asian Fusion,True,False,False,u'free',39.958505,-86.0424579
Iur3GHkwb4mJfrPhy_-48g,Cocoa's Restaurant & Lounge,Edmonton,AB,2.5,10,Buffets,False,False,True,u'free',53.5440925,-113.4956045
qvGLXBFz8aiQqIrFWSX64w,The Archive Music House & Southern Grill,St. Louis,MO,4.5,11,Arts & Entertainment,False,False,True,u'free',38.6097479,-90.200959
LKQF2hoMmygTha9UMp07pg,Half-Way Market,Franklin,TN,4.5,10,Grocery,,,,,35.911764699,-86.8892750734
MZ0kXra-46rxI2R9RX1oaw,Papa Murphy's Take 'N' Bake Pizza,Edmonton,AB,4.5,8,Salad,False,False,False,'no',53.4544211,-113.3804072
wO0NI7NkDdbT46h-TI2BtA,Tailgate Brewery - East Nashville,Nashville,TN,4.5,103,Breweries,True,True,False,u'free',36.1862404613,-86.7470884886
V7TaLZ5EB94hqRIZ1_xjGQ,Kawa Japanese Cuisine,Springfield,PA,4.5,145,Sushi Bars,True,False,False,u'free',39.9439214896,-75.3488279928
2x3wM06LEbaAR81AeKk44w,National Pizza Company,Saint Louis,MO,4.0,42,Pizza,False,True,True,,38.598915,-90.243148
HFuAKE0uZ-frIMjroeA-cA,SET NoLibs,Philadelphia,PA,4.0,108,Mexican,None,True,,,39.9671493,-75.1404232
BmiBsrtq_fvMIsfWy75buQ,Dickey's BBQ Pit South,Reno,NV,3.5,8,Barbeque,False,False,False,,39.4093665,-119.7505309
digvt_7fV-AZFwt2Fp9Z-Q,Schnucks - Loughborough,Saint Louis,MO,3.0,25,Bakeries,True,,,,38.5578594,-90.2614073
aqWE8jXPqIQ5Tt80gNmuSA,Taqueria Chazumba,Clearwater,FL,3.5,12,Mexican,False,False,False,,27.9968784,-82.775358
ls4-Q1KYVP7L6H4eMTQx4w,Cheeseburger Island Style,Reno,NV,2.5,42,American (Traditional),False,True,False,,39.4677256,-119.7844423
